:020000040800F2
:10000000181500201503000805540008BF43000818
:10001000F55100089D1F0008B761000800000000AE
:10002000000000000000000000000000B3580008BD
:100030008121000800000000B1580008055900089F
:100040002F0300082F0300082F0300082F030008C8
:100050002F0300082F0300082F0300082F030008B8
:100060002F0300082F0300082F0300082F030008A8
:100070002F0300082F0300082F0300082F03000898
:100080002F0300082F0300082F0300082F03000888
:100090002F0300082F0300082F0300082F03000878
:1000A0002F0300082F0300082F0300082F03000868
:1000B000055A00082F0300082F0300082F0300082B
:1000C0002F0300082F0300082F0300082F03000848
:1000D0002F03000835610008416100082F03000864
:1000E0002F0300082F0300082F0300082F03000828
:1000F0002F0300082F0300082F0300082F03000818
:100100002F0300082F0300082F0300082F03000807
:100110002F0300082F0300082F0300082F030008F7
:100120002F0300082F030008D12000082F03000828
:100130002F0300082F0300082F0300082F030008D7
:100140002F0300082F0300082F0300082F030008C7
:100150002F0300082F0300082F0300082F030008B7
:100160002F0300082F0300082F0300082F030008A7
:100170002F0300082F0300082F03000800000000D1
:100180002F0300082F03000800F002F800F0B2F877
:100190000AA090E8000C82448344AAF10107DA45E2
:1001A00001D100F0A7F8AFF2090EBAE80F0013F082
:1001B000010F18BFFB1A43F001031847B8AA00004B
:1001C000D8AA00000A444FF0000C10F8013B13F0CD
:1001D000070408BF10F8014B1D1108BF10F8015BA0
:1001E000641E05D010F8016B641E01F8016BF9D193
:1001F00013F0080F1EBF10F8014BAD1C0C1B09D1EA
:100200006D1E58BF01F801CBFAD505E014F8016B5B
:1002100001F8016B6D1EF9D59142D6D370470000ED
:100220000023002400250026103A28BF78C1FBD8FF
:10023000520728BF30C148BF0B6070476E2900F0DD
:10024000DF82702900F02984662909F0D8856529A4
:1002500009F0D585672909F0D285612909F0D18592
:1002600003681B0A28BF41F08001692900F08C82D5
:10027000642900F08982752900F086826F2900F0D8
:10028000B683782900F0F583E92900F05183E42949
:1002900000F04E83F52900F04B83EF2900F0B38383
:1002A000F82900F0F4830368DB0928BF41F08001DE
:1002B000632901F0FB80732901F00081E32901F03B
:1002C0000B81F32901F01081002070471FB509F060
:1002D0008CFD01F05FF904000020002108F0A4FF6C
:1002E000401C60600020002108F088FFE0601FBD16
:1002F00010B510BD01F020F91146FFF7E7FF07F038
:10030000E8FD01F0FDF903B4FFF7F2FF03BC01F0D3
:1003100041FA00000948804709480047FEE7FEE728
:10032000FEE7FEE7FEE7FEE7FEE7FEE7FEE7FEE7A5
:1003300004480549054A064B704700009D590008CE
:1003400089010008180F002018150020181100203E
:100350001811002053EA020C00F069802DE9F04BDF
:100360004FF00006002B1FBFB3FA83F503FA05F424
:1003700024FA05F65E4012BF1643B2FA82F502FA7D
:1003800005F4C5F120051EBF22FA05FC44EA0C0461
:10039000203556EA044C4FEA144418BF641C4FF051
:1003A00000084FF00009904271EB030C39D300298B
:1003B00019BFB1FA81F701FA07F6B0FA80F700FA2F
:1003C00007F6C7F120071EBF20FA07FC46EA0C0615
:1003D0002037B6FBF4FCA7EB0507103F07F01F0B17
:1003E000CBF120060CFA0BFB2CFA06F644BFB34601
:1003F0000026202FA4BF5E464FF0000B5BEA060CE0
:1004000008BF4FF0010B19EB0B09ABFB027C48EB6B
:100410000608C01B06FB02CC0BFB03CC71EB0C01E6
:10042000C1E70B46024641464846BDE8F08B13B58E
:100430004FF000004FF00001AFF30080BDE81C401A
:10044000704710B54C1084EA530404D54042C1F102
:10045000000138BF491E1B4204D55242C3F10003BC
:1004600038BF5B1EFFF776FF14F0804F04D0404288
:10047000C1F1000138BF491E14F0004F04D05242B0
:10048000C3F1000338BF5B1E10BD00007CB51D46E4
:1004900016460C00009001D02044401E074B7B44C0
:1004A0002A4669460190304600F0C3F905461CB162
:1004B0000020694600F0D0F928467CBDC103000049
:1004C00040EA010310B59B070FD1042A0DD310C8D1
:1004D00008C9121F9C42F8D020BA19BA884201D923
:1004E000012010BD4FF0FF3010BD1AB1D30703D06B
:1004F000521C07E0002010BD10F8013B11F8014B21
:100500001B1B07D110F8013B11F8014B1B1B01D13C
:10051000921EF1D1184610BD032A40F2308010F02F
:10052000030C00F0158011F8013BBCF1020F62448E
:1005300098BF11F801CB00F8013B38BF11F8013B1F
:10054000A2F1040298BF00F801CB38BF00F8013BCC
:1005500011F0030300F02580083AC0F0088051F83C
:10056000043B083A51F804CBA0E80810F5E7121D47
:100570005CBF51F8043B40F8043BAFF30080D20766
:1005800024BF11F8013B11F801CB48BF11F8012B32
:1005900024BF00F8013B00F801CB48BF00F8012B55
:1005A000704710B5203AC0F00B80B1E81850203ADF
:1005B000A0E81850B1E81850A0E81850BFF4F5AF03
:1005C0005FEA027C24BFB1E81850A0E8185044BF8D
:1005D00018C918C0BDE810405FEA827C24BF51F8FA
:1005E000043B40F8043B08BF7047D20728BF31F8EE
:1005F000023B48BF11F8012B28BF20F8023B48BF3F
:1006000000F8012B704702F0FF0343EA032242EA9D
:10061000024200F002B84FF000020429C0F012803C
:1006200010F0030C00F01B80CCF1040CBCF1020FA5
:1006300018BF00F8012BA8BF20F8022BA1EB0C017A
:1006400000F00DB85FEAC17C24BF00F8012B00F870
:10065000012B48BF00F8012B70474FF0000200B596
:10066000134694469646203922BFA0E80C50A0E8D5
:100670000C50B1F12001BFF4F7AF090728BFA0E883
:100680000C5048BF0CC05DF804EB890028BF40F84F
:10069000042B08BF704748BF20F8022B11F0804F91
:1006A00018BF00F8012B704770477047704710B5AE
:1006B00000F0C2FA006810BD10B5044600F0BCFAA4
:1006C000046010BD70B5044685690068C10601D597
:1006D000302600E02026C00707D070BDD4E90121F4
:1006E00030469047206A401C20626D1EF6D570BDD2
:1006F00070B5044685690078C00707D170BDD4E99C
:10070000012120209047206A401C20626D1EF6D5F2
:1007100070BD09684A0501D540B27047C905FCD5CE
:1007200000B2704709684A0501D5C0B27047C905D3
:10073000FCD580B2704770B50C460546012A05D03D
:100740002878800600D5EA69002302E0012305E04D
:100750005B1C934202D2E05C0028F9D1A869E6183C
:10076000C01AA861286A184428622846FFF7AAFF21
:1007700004E0D5E9012114F8010B9047B442F8D305
:100780002846FFF7B5FF70BD2DE9F041064600246D
:1007900010687529314616A510D0FFF7BAFF00285A
:1007A00002DA404213A507E031688A0701D512A595
:1007B00002E0490704D511A5012401E0FFF7B2FFCB
:1007C00000210A2206F1240709E0B0FBF2FCB0FB8D
:1007D000F2F302FB1C00303078541846491C002804
:1007E000F3D123462A463046BDE8F04100F06DBA09
:1007F000000000002D0000002B0000002000000081
:1008000011680268006A530501D508700AE0D30533
:1008100001D5088006E0130603D5C217C1E900021E
:1008200000E008600120704701694A1C02610878F5
:10083000704700B58FB0CDE9013100210591054920
:100840007944CDE903101146684600F031F90FB044
:1008500000BD0000E5FFFFFF0A6802F8010B0A6017
:100860007047D1E900239A4202D2531C0B601070EA
:10087000704700002DE9FF5F15468A460446DFF801
:10088000AC80F8440027D8E900103E46CDE90010BE
:1008900010E03AF816106A4602A800F029FE411C42
:1008A00007D02178890603D5E269391891420DD81D
:1008B0000744761C2078800602D5E069B84205DD41
:1008C000AE42E6DB3AF816000028E2D1A069C01B70
:1008D000A0612046FFF7F6FED8E90010CDE9001030
:1008E000002017E03AF818106A4602A800F000FE4F
:1008F000B0F1FF3F81460BD000250DF1080B05E05C
:10090000D4E901211BF8050090476D1C4D45F7D334
:1009100008F10100B0428046E4DB206A38442062DE
:100920002046FFF7E5FEBDE8FF9F00004AA2000059
:100930002DE9F0418046D21D22F007020025D2E9C0
:100940000002F52915A614D0011E72F1000106DA85
:100950000023D0EB030063EB020211A608E0D8F8F5
:1009600000108B0701D50FA602E0490701D50EA69E
:1009700001251146002408F1240704E000F060F985
:1009800030323A55641C50EA0102F7D12B46324608
:1009900021464046BDE8F04100F097B90000000054
:1009A0002D0000002B0000002000000030B40021CA
:1009B00000F1240408E002F00705D208303542EACD
:1009C0004372DB086554491C52EA0305F3D10468FD
:1009D000002310A2250707D5A40600D421B1C469BD
:1009E00001230DA2641EC46130BC00F06EB910B5C5
:1009F000044621461068FFF795FE02462046BDE8F2
:100A000010400023D2E7D21D22F00701D1E90023D4
:100A1000CCE700000000000030000000F0B40D46FC
:100A20000188090502D5214C7C4402E01F4C7C441E
:100A30000E34002100F1240608E002F00F0712092D
:100A4000E75D42EA03721B097754491C52EA030727
:100A5000F3D102780023120704D5702D06D009B116
:100A6000022311342246F0BC00F02FB901231034C8
:100A7000F8E770B504460D4621461068FFF752FEB0
:100A8000024629462046BDE870400023C6E7D21D35
:100A900022F00703D3E90023C0E70368126843F09C
:100AA000200303600823C3610023B7E7ACA0000064
:100AB0002DE9F05F894604464FF0000ADFF874B173
:100AC000FB44C0F820A02046E1688847002874D085
:100AD000252806D0D4E901219047206A401C2062D5
:100AE000F1E700265F462046E16888472028054652
:100AF00007DB312D05D2781910F8200C08B1064318
:100B0000F1E7B00701D526F00406C4F81CA00027C1
:100B1000C4F818A02A2D09D0284606F041F838B3A9
:100B200004EB8708303DC8F8185019E059F8041B49
:100B3000204604EB87029161E1688847012F054652
:100B400018D1E069002820DA26F020061DE0D8F848
:100B5000180000EB800005EB40003038C8F81800A2
:100B60002046E1688847054606F01AF80028EED1CD
:100B7000012F0AD02E2D08D12046E16888477F1C1E
:100B80000546022F46F02006C4DBA069002803DAE0
:100B9000404246F00106A061F00701D026F01006A1
:100BA0006C2D0BD0682D09D04C2D39D06A2D35D045
:100BB000742D35D07A2D33D016E038E0E1682F4619
:100BC00020468847B842054609D16C2F26D04FF4FD
:100BD0008060E168064320468847054604E06C2FA4
:100BE0001AD04FF4807006430DB3A5F141001928C7
:100BF00002D8203546F400664A462946204626603B
:100C00004E46FFF71BFB80B101280BD0F61D26F0E6
:100C1000070000F1080956E74020E4E78020D8E704
:100C20000020D6E706F104094DE7284652E7206A7E
:100C3000BDE8F09F3CA0000000487047B80E0020BF
:100C400030B5B0F10A024FEA900E71F100034EEA9E
:100C5000817EB0EB0E0061EB91014FEA101E4EEA6F
:100C6000017E10EB0E0041EB11114FEA102E4EEAFF
:100C7000016E10EB0E0041EB11214FEA104E4EEACF
:100C8000014E10EB0E0041EB1141401841F1000103
:100C90004FEAD00040EA41704FEAD10110EB8005E5
:100CA0004FEA810444EA907444EB01046D1944EB6B
:100CB0000404521BA3414FF0000348BF0A3200D581
:100CC00030BD401C41F1000130BD2DE9F0470D461B
:100CD00099469246044600F124080168880604D526
:100CE000E06921F01001216000E00120A84201DD4F
:100CF000471B00E00027A1697A1902EB0900081AD6
:100D0000A0612078C00602D42046FFF7DBFC002655
:100D100008E0D4E901211AF806009047206A401C37
:100D2000761C20624E45F4DB2078C0060AD52046AA
:100D3000FFF7C8FC06E0D4E9012130209047206A83
:100D4000401C2062381EA7F10107F4DC07E0D4E95B
:100D5000012118F805009047206A401C2062281ED7
:100D6000A5F10105F3DC2046FFF7C2FC2078000660
:100D700002D50220BDE8F0870120FBE770472DE98E
:100D8000FF4F0C461E464FF0FF378BB0D2E90001F3
:100D9000DDF860800A908A46C1F30A5505B93D46E0
:100DA000002108464FF00000BAF1000F00F44000A7
:100DB00005DA00EB80004FF4400101EA50004FEAF1
:100DC0009059B9F1010F00DDB9460A9850EA4A007E
:100DD0000ED044F61050A5F2FF3545432F14B8F15C
:100DE000000F1ED07542291E1EDDC9F100021CE055
:100DF000B8F1010F4FF0000001D0302103E0F243C1
:100E000005E02154401CB042FBDB304600220021AB
:100E100021540B99C1F80880C1E900200FB0BDE84A
:100E2000F08FBD1B6D1CDEE74A4600DA694206A85A
:100E300000F0F4FB06AB93E8070003AB83E8070080
:100E400050460A9900F0ADFC8DE80700A0F500506F
:100E50001F3800900398002D0ADD42F21F014A4618
:100E60000844002303A90390684600F016FF09E038
:100E7000A0F500504A461F38002303A90390684696
:100E800000F020FF8DE807000004000C03D04FF0B5
:100E9000FF30410800E01046B8F1000F03D00022F7
:100EA000009215461EE0751E05D4FFF7C9FE3032CC
:100EB00062556D1EF9D5B3460122084302D00022C7
:100EC0007F1C04E02078302801D100227F1E002AF8
:100ED000099784D01DE0112D07DAFFF7B1FE3032FB
:100EE00062556D1C50EA0102F5D1084302D000980A
:100EF000C8B10EE00021681E05E0235C625C63540B
:100F00002254401E491C8142F7DBAB46A81B401E01
:100F10000990002004F80B000B98099AC0F808808B
:100F2000C0E9002B7AE711264FF0000857E72DE9BA
:100F3000F04F88460446D21D22F0070191B0D1E956
:100F40000001CDE90A0105F037F902460B98C00F00
:100F500001D02D2007E02068810701D52B2002E079
:100F6000202101EAC000032A099001D0072A05DBED
:100F700003464146204600F011FB0BE12078800635
:100F800001D5E06900E00620B8F1650F814606D082
:100F9000B8F1660F18D0B8F1670F70D131E00020BA
:100FA000B9F1110F009001DB112301E009F10103F8
:100FB0000AAA01A90CA8FFF7E2FEDDE90C700026E1
:100FC00009F10105834647E001204B4600904FF0B0
:100FD00000470AAA01A90CA8FFF7D1FEDDE90DB070
:100FE0000C995D46002610B909F101000D18B9EB06
:100FF000050003D4C0F1FF3609F10105A5EB090096
:101000002BE0B9F1010F01DA4FF001090020B9F12D
:10101000110F0090484601DD112300E003460AAAA3
:1010200001A90CA8FFF7ABFEDDE90C704D460026C8
:101030008346207800070AD4AB4500DA5D4601A854
:10104000012D04DD411911F8011C302907D04F454D
:1010500002DA17F1040F04DA012082460FE06D1E58
:10106000EEE7002F02DCED1B3E4403E0781CA842B3
:1010700000DD7D1CB81B00F1010A4FF0004720780D
:10108000000703D4AA4501DB4FF0FF3A0021B7F176
:10109000004F0DF143088DF8431024D002202B237C
:1010A000002F01DA7F422D230A21021EA0F1010048
:1010B00000DC5FB197FBF1FC97FBF1F201FB1C7CBC
:1010C00017460CF1300C08F801CDEEE7A8F101004D
:1010D00003702188090501D5452100E06521A0F1B3
:1010E000010800F8011C09980FA9A1EB0807FF1DD2
:1010F00000B10120411901EBEA70A1693844081AD6
:10110000401EA0612078C00602D42046FFF7DAFA1C
:10111000099828B1D4E901219047206A401C206237
:101120002078C00622D52046FFF7CCFA1EE0002E1C
:1011300004DBB34502DD01A8805D00E03020D4E986
:1011400001219047206A401C2062761CAAF1010010
:101150005FEA000A0AD100F01DFAC0680168405C2D
:10116000D4E901219047206A401C2062281EA5F185
:101170000105DCDC07E0D4E9012118F8010B9047F8
:10118000206A401C2062381EA7F10107F3DC2046CC
:10119000FFF7AEFA032011B041E600002DE9F04F51
:1011A00004460D46D21D22F0070089B0D0E9009711
:1011B0004846394605F000F80246F80F01D02D23C5
:1011C00007E02068810701D52B2302E0202101EAF6
:1011D000C0038DF820300BB1012000E00020032A6D
:1011E000824601D0072A04DB2946204600F0D6F9C2
:1011F0003FE12078800601D40D2500E0E569C7F3C2
:101200000A560D2D49DA00214FEA175B08464FF0C8
:101210000000002F00F4400007DA00EB80004FF4DC
:10122000400100EBD07001EA60008115012901DD69
:101230004FF0FF3100224FEA850CBCF1180F06D3A6
:101240001346ACF118004FF08052C24003E04FF457
:10125000801323FA0CF30CF10C0CBCF1200F04D317
:10126000ACF1200C09FA0CF001E007FA0CF00029AF
:101270004FF0004801DD18B90FE00ED140450CD306
:1012800019EB02095F4121B9404502D19F4329EA88
:101290000209BBEB175F00D0761C2088000502D541
:1012A0007B48784402E07A487844193808AA302309
:1012B00002F80A30037C0AF10101002E0AF1020A49
:1012C00053546A4602DC4FF0300101E04FF0310127
:1012D0004FF001088DF8001002D0A6F2FF3603E0AF
:1012E00059EA470100D06B4E002D02DC2178090736
:1012F00004D54FF002082E218DF80110C4460021BC
:101300000BE0C7F303433F01C35C491C6D1E02F8A9
:101310000830052908F1010801DA002DF1DC00216F
:101320000CE000EB1973491C1B786D1E082902F8AC
:1013300008304FEA091908F1010801DA002DF0DC44
:1013400021688B0602D516E0A8F10108E04505DD0D
:1013500002EB080313F8013C302BF5D0B8F1000F75
:1013600009DD02EB080313F8013C2E2B03D109071A
:1013700001D4A8F10108002D05DD3E2102F8081076
:101380006D1E08F10108407C002E02F8080008F1EB
:10139000010804DA2D20764202F8080002E02B2032
:1013A00002F808000A214FF47A70864208F1010819
:1013B0000BDB96FBF0F3303302F8083096FBF0F3CA
:1013C00008F1010800FB136601E0642E0CDB6420C9
:1013D00096FBF0F3303302F8083096FBF0F308F197
:1013E000010800FB136601E00A2E06DB96FBF1F014
:1013F000303002F8080008F1010896FBF1F001FB1B
:101400001060303002F80800A16908F1010808EB0B
:10141000050202EB0A00081AA0612078C00602D477
:101420002046FFF74FF9216A08AE01EB0A0020625F
:1014300004E0D4E9012116F8010B9047BAF1010A42
:10144000F7D22078C00602D52046FFF73BF96E465A
:1014500009E016F8010B3E280FD0D4E9012190478E
:10146000206A401C2062B8F10108F2D22046FFF742
:101470003FF909B00320BDE8F08F206A28442062BC
:1014800003E0D4E90121302090476D1EEBD3F8E74B
:101490002599000002FCFFFF10B5436913B1AFF3BB
:1014A000008001E0FFF747F9012010BD127800F13C
:1014B00024010A7000224A700122EDE711684FF002
:1014C000FF32E9E710B5436913B1AFF3008001E0E3
:1014D000FFF7D0F9012010BD128800F124018284A9
:1014E0000022C2840122EDE711684FF0FF32E9E7E4
:1014F00070B516460C46054600F044F8036893F8AC
:101500000101012806D0FF2C0FD8185D68B1012019
:101510002C7070BDD3F807013246214603F2071341
:1015200003442846BDE8704018474FF0FF3070BDB7
:1015300000487047B80E00207546FFF7F9FFAE4629
:1015400005006946534620F00700854618B020B5CF
:10155000FEF7EEFEBDE820404FF000064FF000071A
:101560004FF000084FF0000B21F00701AC46ACE84B
:10157000C009ACE8C009ACE8C009ACE8C0098D46B8
:101580007047000010B500F005F8001D10BD00BF49
:10159000997C000000487047D80E00202DE9F041EA
:1015A0001F46044603260168072A01F4006004DB95
:1015B00008B116A505E016A503E008B115A500E0E1
:1015C00015A521F010002060A069C01EA0610FB118
:1015D000401EA0612046FFF775F84FB1D4E9012104
:1015E00038469047206A401C2062C01C206206E0FA
:1015F000206AFAE7D4E9012115F8010B9047761E1D
:10160000F8D22046FFF774F8BDE8F0814E414E0055
:101610006E616E00494E4600696E66002DE9F04726
:10162000814616468AB0354878440DC88DE80D00CD
:1016300032487844801C03AC0DC884E80D0041F6A4
:101640009B300844372190FBF1F290FBF1F5A5F1B6
:10165000800501FB12041B3C02D56442012000E01E
:101660000020DFF898A080460027FA44AAF1BE0ABD
:101670000EE0E0070AD03246684607EB4701012337
:101680000AEB810100F01EFB8DE8070064107F1C4F
:10169000002CEED1194F7F44AE3F19E0E80715D07A
:1016A00007EB04100DF1180A90E80E008AE80E000E
:1016B000C068F04201D1981908903246012306A96A
:1016C00003A800F0FFFA03AB83E807006D10641C69
:1016D000002DE3D14FF0010332466946B8F1000F07
:1016E00003A802D000F0D9FA01E000F0EBFAC9E952
:1016F0000001C9F808200AB0BDE8F0873096000064
:1017000010B50446AFF300802046BDE81040FEF758
:10171000FABD00004FF0013C50F8042B51F8043B97
:101720009A4221D1A2EB0C03934313EACC1317D1B5
:1017300050F8042B51F8043B9A4215D1A2EB0C034C
:10174000934313EACC130BD150F8042B51F8043B0C
:101750009A4209D1A2EB0C03934313EACC13DBD0DA
:101760004FF00000704700BFD01A01BAB1FA81F102
:1017700001F0180122FA01F0CB40C1F12001DBB2E7
:10178000C0B2C01A2CFA01F3D11A914311EAC31165
:10179000E6D1704701491820ABBEFEE726000200E3
:1017A00070475FEA400C08BF91F0000F4FEA8C23AE
:1017B0004FEAC12243EA51514FEA1C5018BF00F5CD
:1017C000F0404FEA300018BF41F000415FEA6C5C26
:1017D00000F02980BCF1FF3F08BF40F08040704717
:1017E000130C06BF12044FF0100C4FF0000C130E38
:1017F00004BF12020CF1080C130F04BF12010CF10C
:10180000040C930F04BF92000CF1020CD30F04BF21
:1018100052000CF1010C11464FF00002A0F11F0024
:10182000A0EB0C00704711F0004F08BF704731F07B
:1018300000413FF4D5AF0B0C06BF09044FF0100C6C
:101840004FF0000C0B0E04BF09020CF1080C0B0F3B
:1018500004BF09010CF1040C8B0F04BF89000CF1CB
:10186000020CCB0F04BF49000CF1010CCCF120039A
:10187000A0EB0C0022FA03F302FA0CF241EA030196
:1018800000F10100704720F07F4C80EA030023F054
:101890007F47ACEB070303F57C5300F0004003F1F6
:1018A000FF032DE980494FEA154B09B44FEA144371
:1018B00025EA0B4E24EA03480FF2042606EB132711
:1018C00049083E785FEA320203FB0667C7F5000766
:1018D00007FB06F64FEA54374FEAD64606F10206F2
:1018E00007FB066CCCF1005C4FEA1C472CEA074C66
:1018F00007FB06F40CFB06F504EB15464FEA9616BB
:1019000034BF00204FF000404FEAD13706FB07FC00
:101910004FEA1C4C0CFB0BF7D21B03FB0CF761EBE3
:1019200007010CFB0EF7B0EB074072EB17420CFB04
:1019300008F734BFA2EB0742B2EB074261EB174155
:101940004FEA0C444FEA910706FB07FC4FEA1C4C98
:101950000CFB0BF7B0EBC74072EB573203FB0CF7F5
:1019600034BFA2EBC742B2EBC74261EB57310CFB6D
:101970000EF7B0EBC70072EB57720CFB08F734BFE1
:10198000A2EBC702B2EBC70261EB5771039F4FEAAC
:10199000816141EA921104EBCC044FEAD1374FEA5E
:1019A000826206FB07FC42EA90124FEA80604FEA2F
:1019B0001C4C0CFB0BF7D21B03FB0CF761EB070174
:1019C0000CFB0EF7B0EB074072EB17420CFB08F76D
:1019D00034BFA2EB0742B2EB074261EB17414FEA7B
:1019E0008C554FEA910704EB9C2406FB07FC4FEA59
:1019F0001C4C0CFB0BF7B0EBC74072EB573203FBF0
:101A00000CF734BFA2EBC742B2EBC74261EB5731D0
:101A10000CFB0EF7B0EBC70072EB57720CFB08F72C
:101A200034BFA2EBC702B2EBC70261EB577115EBF3
:101A30004C254FEA816141EA92114FEA82624FEAF6
:101A4000D13742EA901206FB07FC44F100044FEA4A
:101A500080604FEA1C4C0CFB0BF7D21B03FB0CF70E
:101A600061EB07010CFB0EF7B0EB074072EB17427E
:101A70000CFB08F734BFA2EB0742B2EB074261EB65
:101A8000174115EB1C154FEA813141EA92414FEAAB
:101A9000823242EA90424FEA80304FEA0C7644F1BB
:101AA000000448EA03434EEA0B484FF0000EB2EB45
:101AB000080C71EB030724BF624639464EEB0E0E4D
:101AC0004FF0000B0018524149414BEB0B0BB2EBAE
:101AD000080C71EB03077BF1000B24BF624639460B
:101AE0004EEB0E0E4FF0000B0018524149414BEBEC
:101AF0000B0BB2EB080C71EB03077BF1000B24BF5F
:101B0000624639464EEB0E0E51EA020718BF46F008
:101B1000010616EB0E7655F1000254F1000103D5D3
:101B2000BDE88901BDE80088BDE88901BDE800483D
:101B3000B619524141EB0101A3F1010370478080C6
:101B40007F7E7D7C7B7A7978777676757473727117
:101B500071706F6E6E6D6C6C6B6A6A6968686766CF
:101B600066656464636362616160605F5F5E5E5D61
:101B70005D5C5C5B5B5A5A595958585757565655D5
:101B800055555454535352525251515050504F4F37
:101B90004F4E4E4D4D4D4C4C4C4B4B4B4A4A4A4987
:101BA00049494848484747474746464645454544CA
:101BB0004444444343434342424242414141002B57
:101BC0009C4630D477002BD01CB54FEA370703B4BE
:101BD0004FF010004FF01001BAF1000F06D0BCF129
:101BE000000FDCBF40F0080040F008014FF000009B
:101BF0000FBCBDE810400BF1010BBBF1010F08BF9A
:101C00005FEA170722BF12F1010211F101014FF043
:101C1000004143F1000300F0004043EA0000704738
:101C2000F9D35708D0E746EA064613F1400F4FEACA
:101C300016461FDD13F1200FDFBF16430A460021B1
:101C400020335B42BED0C3F1200746EA064602FAC3
:101C500007F74FEA164646EA0706C3F1200722FABD
:101C600003F201FA07F721FA03F14FF0000342EA09
:101C70000702A7E746EA020646EA06464FEA164684
:101C800046EA0106BCBF46EA0646360C4FF00003A2
:101C90004FF000024FF0000194E72DE9804C9A4686
:101CA000934670B491E8380007C831EA400C48BF49
:101CB00034EA430C03D5FFF7E6FDFFF780FFF0BCE5
:101CC000BDE8008C2DE9804C9A46934670B491E8AB
:101CD000380007C810F0804F08BF13F0804F03D1C1
:101CE00000F005F8FFF76BFFF0BCBDE8008C20F0BA
:101CF0007F4780EA030023F07F4C07EB0C03A3F53A
:101D00007C5300F00040A3F1FE0392F0000F00F0BE
:101D1000B38095F0000F00F077802DE901494FEA7C
:101D200011404FEA144621EA004800FB06FC24EA71
:101D3000064708FB06F607FB08F800FB07F718EB59
:101D400006484CEB164C4FEA124B18EB07484FEA8B
:101D500015464CEB174022EA0B4E0BFB06FC25EA1E
:101D600006470EFB06F607FB0EFE0BFB07F71EEB06
:101D7000064E4CEB164C4FF000061EEB074E4CEB9C
:101D8000174B18EB0B0840F1000018EB0E0B58EB4B
:101D9000000840F100008F1A4FF000013CBFC9431A
:101DA000661B14BFB5EB040C00213CBFC943F61BF6
:101DB0004FEA17444EEA8E0E27EA04454FEA1C47C5
:101DC00004FB07622CEA074C05FB07F70CFB05F642
:101DD00004FB0CFC16EB074642EB174216EB0C46D5
:101DE00042EB1C421BEB060658EB0202414146EA5D
:101DF0009E0601D5BDE80189B619524141EB0101AA
:101E0000A3F10103BDE801894FEA14454FEA1147E8
:101E100024EA054621EA074C05FB07F406FB07F711
:101E20000CFB06F105FB0CFC11EB074144EB1744DE
:101E30004FEA124711EB0C4144EB1C4422EA074CD9
:101E400005FB07F206FB07F70CFB06F605FB0CFC8F
:101E500016EB074642EB174216EB0C4642EB1C45CD
:101E60006A1854F1000148BF7047B619524141EB5E
:101E70000101A3F10103704795F0000F37D04FEA3D
:101E800011424FEA144721EA024624EA074C02FBBA
:101E900007F106FB07F70CFB06F402FB0CFC14EB46
:101EA000074441EB17414FEA154714EB0C4441EB53
:101EB0001C4125EA074C02FB07F506FB07F70CFB64
:101EC00006F602FB0CFC16EB074645EB174516EB36
:101ED0000C4645EB1C42121951F1000148BF7047F6
:101EE000B619524141EB0101A3F1010370474FEADA
:101EF00014454FEA114724EA054621EA074C05FB41
:101F000007F106FB07F70CFB06F24FF0000605FB96
:101F10000CFC12EB074241EB174112EB0C4251EB68
:101F20001C4148BF7047921841EB0101A3F1010326
:101F30007047000070B5164890ED000A154806F08D
:101F400013FFBDEEC00A144890ED041AD0ED030A49
:101F5000B8EEC00A06F03BFFBDEEC00A0E4D443D90
:101F600010EE104A6868001B00EE100A0948B8EE2F
:101F7000C00AB43806F07CFF6868204400EE100AFE
:101F8000BDE870400348B8EEC00A783806F070BF6C
:101F9000200900207C0E002004090020FEE700003C
:101FA00070B53B483B4C012202700025A5602146DC
:101FB0006078394B0978012807D0384E022807D0BD
:101FC000032812D004285BD11FE0012915D057E067
:101FD000012935D0022903D135709FED310A4CE03B
:101FE00003292DD0042908D04AE0012928D002294C
:101FF000F6D135709FED2B0A3FE01D702A4803F0A3
:10200000FAF82A4803F0F7F83AE0012918D02148F5
:102010000229807804D0032912D0042912D02FE09D
:10202000357007F09DFB9FED221B53EC112B07F041
:10203000ABFB9FED211B53EC112B07F0A3FC18E029
:1020400032701DE0401CC0B2A070042806D31D7081
:10205000154803F0D0F8154803F0CDF82570357019
:10206000A07807F07DFB9FED161B53EC112B07F0BA
:102070008BFB07F0FBF800EE100A134806F0F8FEA1
:10208000124806F0E1FEBDE870400F4806F0DCBEE5
:10209000BC08002040090020C0080020C108002022
:1020A000000030C300007D43800D0020A40D0020FF
:1020B000333333333333D33F0000000000A06F408D
:1020C0009A9999999999C9BF7C0E0020400E0020D9
:1020D000014800F05FB90000B00B00200168182330
:1020E000CAB2103AB2FBF3F2054B6FF30901032AAF
:1020F0009B5CC36500D9091D8165084670470000D7
:10210000069E000810B5014600208B698A6A4FF0D0
:10211000C07453B1B3F5005F15D072B1012A0CD071
:10212000022A0AD0032A09D104E01AB1012A06D0F2
:10213000022A03D1C96AC90100D5012010BDC96AAC
:10214000A142FAD010BD002AF7D0012AF2D0022A0B
:10215000F3D0032AF3D010BD30B50468256825F408
:1021600080252560046863608368402B036803D082
:1021700099600068C26030BD9A600068C16030BD7F
:10218000704700001CB509490948CDE9000100234A
:102190001A460121074805F099FA20B1012005F0FF
:1021A00003FC00201CBD4FF0FF301CBD198D000842
:1021B000FD8C00086808002010B50160044602711B
:1021C00008463C2101F0B0FB216800200968486204
:1021D000E0809FED030AA06084ED030A10BD0000BB
:1021E0000000000002681168496A09B2C1800379E1
:1021F00003B14942C180126800215162B0F9061052
:10220000DFED0A0A00EE101A8268B8EEC00A0A442E
:10221000826080EE201A9FED060ADFED060A21EEAD
:10222000000A80EE201A80ED031A704700008244F5
:102230003B4671410AD7A33B10B501220549064828
:10224000FFF7BAFF04480022BDE8104003491030F0
:10225000FFF7B2BF900A0020600D0020D80A0020CE
:1022600010B50448FFF7BEFF0248BDE8104010302B
:10227000FFF7B8BF600D002072B6FEE770470000A0
:1022800070B502F001FBC043124BC2B29FED120ABF
:1022900000211A70084603F1080400BF22FA00F575
:1022A000ED0707D004EB8005491CD5ED000AC9B243
:1022B00030EE800A401CC0B20828EFD3002907D0B6
:1022C00000EE901AF8EE600A80EE201A83ED011AF3
:1022D00070BD000094080020000000002DE9F041CE
:1022E0000446876D00F0DCFA064694F835000025B8
:1022F000022806D08020606584F834500120BDE8B3
:10230000F0812068016821F01601016020684169B0
:1023100021F080014161206C08B9A06C20B12068D7
:10232000016821F0080101602068016821F00101C5
:1023300001600CE000F0B4FA801B052807D92020CA
:102340006065032084F8350084F83450D7E72068AE
:102350000068C007EED194F85C103F208840B86058
:10236000012084F8350084F834500020C7E790F845
:102370003510022903D080214165012070470521D5
:1023800080F835100068016821F00101016000202B
:10239000704700002DE9F84304464FF00009CDF8DE
:1023A000009063484FF41651A56D0068B0FBF1F73B
:1023B0002E6894F85C10082000FA01F131420FD029
:1023C00021680A6852070BD50A6822F004020A60E5
:1023D00094F85C108840A860606D40F00100606572
:1023E00094F85C104FF0010808FA01F0304208D070
:1023F00021684969090604D5A860606D40F00200B3
:10240000606594F85C1004208840304208D0216850
:102410000968890704D5A860606D40F00400606514
:1024200094F85C1010208840304218D02168096868
:10243000090714D5A86020680168490304D500681D
:10244000000308D5A16C07E00168C90503D4016841
:1024500021F008010160216C09B12046884794F8F9
:102460005C1020208840304231D021680968C906BC
:102470002DD5A86094F8350005282068016806D09D
:10248000490347D5006800031DD4616C1CE021F0AE
:10249000160101602068416921F080014161206CD2
:1024A00008B9A06C20B12068016821F00801016022
:1024B00094F85C103F208840A86084F8358084F848
:1024C0003490216D1FE0E16B09B120468847606DB3
:1024D00000282BD0606DC00714D0052084F835008B
:1024E0002068016821F0010101600098401C009003
:1024F000B84203D820680068C007F6D184F8358058
:1025000084F83490E16C002910D001B02046BDE879
:10251000F04308470168C905D5D4016821F01001CE
:10252000016084F8358084F83490CCE7BDE8F88306
:102530000C0000202DE9F041044600F0B1F90646F8
:102540005CB1022084F83500002584F834502068FE
:10255000016821F0010101600DE00120BDE8F0817A
:1025600000F09EF9801B052805D920206065032016
:1025700084F83500F2E720680068C007F0D12268CF
:10258000116820480140D4E901031843D4E9033617
:102590003343184363691843A3691843E369184335
:1025A000236A18430843616A042903D1D4E90B1351
:1025B00019430843106020684069666A20F00701EB
:1025C00030460E43012704280CD1A06A0643E06A76
:1025D00040B12046FFF796FD20B14020606584F8A9
:1025E0003570BAE7206846612046FFF777FD94F81A
:1025F0005C203F2191408160656584F83570002042
:10260000ACE700003F8010F02DE9F0410446866DF4
:1026100090F83400002501280DD0012084F8340002
:1026200094F835700020012F07D084F8340002257B
:102630002846BDE8F0810220FBE7022784F83570C8
:1026400060652046FFF788FD94F85C103F208840C5
:10265000B0602068016841F016010160206C20B173
:102660002068016841F0080101602068016841F0BC
:1026700001010160DCE7000070B5044600F010F9CC
:102680000546601C02D004480078044400F008F9B4
:10269000401BA042FAD370BD000000202DE9F84F86
:1026A000DFF8BCA10022012503264FF00F090AF133
:1026B000040BAAF1040E00BF0B6805FA02F42340D4
:1026C000A34270D10F7907F00307012F01D0022F29
:1026D00016D187684FEA420806FA08FC27EA0C0779
:1026E000D1F80CC00CFA08FC4CEA070CC0F808C082
:1026F0004768A7430C79C4F3001494403C434460FA
:102700000C79E443A4070AD0C4684FEA420C06FAE5
:102710000CF7BC438F6807FA0CF72743C7600C79A6
:1027200004F00304022C12D1D40800EB840CDCF872
:1027300020405707FF0E09FA07F824EA0804D1F8E9
:10274000108008FA07F848EA0408CCF820800468EA
:102750004FEA420C06FA0CF7BC430F7907F0030767
:1027600007FA0CF7274307604C6814F4403F70D019
:102770003C4C276847F480472760246822F0030711
:1027800004F480440094384C07EB040CDCF808484F
:1027900097074FEA177809FA08F7BC43334FB84256
:1027A00002D1002724E054E0314FB84201D1012783
:1027B0001EE0304FB84201D1022719E02E4FB84237
:1027C00001D1032714E02D4FB84201D104270FE0B7
:1027D0002B4FB84201D105270AE02A4FB84201D158
:1027E000062705E0284FB84201D1072700E0082757
:1027F00007FA08F72743CCF80878DAF8004057467C
:10280000D1F804C09C435FEACC2C00D51C433C604B
:10281000DBF800405F46D1F804C09C435FEA8C2C93
:1028200000D51C433C60DEF800407746D1F804C078
:102830009C435FEA8C3C00D51C433C60084F083F3A
:102840003C68D1F804C09C435FEACC3C00D51C43F3
:102850003C60521C102AFFF42FAFBDE8F88F000037
:10286000083C014044380240003001400000024072
:102870000004024000080240000C02400010024028
:102880000014024000180240001C02400069084089
:1028900000D0012070470AB1816170470904FBE74D
:1028A00001488068704700000000002070B50400F7
:1028B00025D094F83D00002520B984F83C502046EE
:1028C00000F052FA242084F83D002068016821F0CD
:1028D000010101602068016841F400410160206845
:1028E000016821F40041016000F0E6FB4D4A616897
:1028F000914201D84C4900E04C49884201D2012064
:1029000070BD4B492368B0FBF1F15E6826F03F06CD
:102910000E435E606368934206D94FF49673594341
:102920004FF47A73B1FBF3F12368491C1E6A26F059
:102930003F06314319626168914210D84900401E38
:10294000B0FBF1F2521CC2F30B02042A01D20420A4
:1029500022E0B0FBF1F0401CC0F30B001CE0A268C9
:10296000F2B301EBC10303EB0116431EB3FBF6F315
:102970005B1C43F480431B0549D092B301EBC102B9
:1029800002EB0111401EB0FBF1F0401CC0F30B0044
:1029900040F4804040F400402168CA694CF6FF735F
:1029A0009A431043C861D4E90710014320680268C4
:1029B00022F0C00211430160D4E903010143206801
:1029C000826848F2FF339A4311438160D4E90501DC
:1029D00008432168CA6822F0FF021043C86001E082
:1029E0000EE016E02068016841F0010101602564F5
:1029F000202084F83D00256384F83E50002070BDFF
:102A000001EB4106431EB3FBF6F35B1CB3E7012069
:102A1000C2E701EB4101401EB0FBF1F0401CC0F3E6
:102A20000B00B7E7A086010080841E0000093D006E
:102A300040420F002DE9FF4F83B09A46DDE9118730
:102A400093460446DDF84090FFF72AFF054694F8C8
:102A50003D00202870D11923012274492046009599
:102A600001F0C4FD0028F5D194F83C00012863D0A2
:102A7000012084F83C0020680168C90703D101687F
:102A800041F0010101602068016821F400610160EA
:102A9000222084F83D00402084F83E000026266471
:102AA000C4F82490A4F82A80608D20856048E062F4
:102AB000CDE9007553465A462046049901F098FC2A
:102AC000002879D1208DD0B1012821D0022820689A
:102AD00024D0416980690090208D032866D80128A0
:102AE0002BD0544902283B464FF00002009557D0A6
:102AF0008846204601F07AFD00285DD13AE0206842
:102B0000416981690091016841F4007101607DE0D3
:102B10002068016821F480610160F0E7016821F418
:102B2000806101602068016841F4006101602068F3
:102B300041698069009069E075E02A46394620467F
:102B400001F0FAFD88BB54E02068016841F400718F
:102B5000016020680069616A0870606A401C6062F8
:102B6000218D491E2185618D491E61852168096974
:102B7000017042E02068016821F4806101602068F2
:102B80000069616A0870606A401C6062208D401EA6
:102B90002085608D401E60853B46002241460095A1
:102BA000204601F023FD00B9CEE705E02A4639466C
:102BB000204601F0C1FD18B1012007B0BDE8F08F3B
:102BC00020680069616A0870606A401C6062208D3C
:102BD000401E81B22185608D401E6085206842695B
:102BE000D243520712D4032903D1016821F4806132
:102BF000016020680069616A0870606A401C606258
:102C0000208D401E2085608D401E6085208D00280F
:102C10007FF462AF202084F83D0084F83E6084F8A1
:102C20003C600020C9E70220C7E700000200100056
:102C30000000FFFF040001002DE9FF4F83B09A461A
:102C4000DDE9119793460446DDF84080FFF728FE42
:102C5000054694F83D0020287FD1192301224049E0
:102C60002046009501F0C2FC002876D194F83C0083
:102C7000012872D0012084F83C0020680168C9074F
:102C800003D1016841F0010101602068016821F46D
:102C900000610160212084F83D00402084F83E005E
:102CA00000262664C4F82480A4F82A90608D20852C
:102CB0002C48E062CDE9007553465A4620460499F7
:102CC00001F014FC70B930E02A463946204601F084
:102CD0006BFD58B1206C042804D12068016841F4D0
:102CE00000710160012007B0BDE8F08F606A2168C3
:102CF00000780861606A401C6062218D491E89B2BB
:102D00002185628D521E628522685369DB435B0711
:102D10000BD469B100781061606A401C6062208D3C
:102D2000401E2085608D401E6085208D0028CBD1FF
:102D30002A463946204601F02DFC0028CAD154F815
:102D40003D0B016841F400710160202004F81E0968
:102D5000E67766770020C6E7FFE70220C3E70000BA
:102D6000020010000000FFFF2DE9F04186B004468C
:102D700014216846FDF771FC2F4A2168DFF8BC80FA
:102D800000242E4812250326042708F1100891423A
:102D90001CD1016841F002010160006802AA00F044
:102DA00002000590C020CDE9000582E8D000694608
:102DB0002348FFF773FCD8F8001041F40011C8F85D
:102DC0000010D8F8000000F4001031E01D4A9142D4
:102DD0002FD1016841F004010160016801F0040194
:102DE0000591016841F0010101600068694600F049
:102DF000010005905015CDE9000502AA124882E8AD
:102E0000D000FFF74BFC4FF48070CDE9000502AA1B
:102E1000694682E8D0000D48FFF740FCD8F8001062
:102E200041F40001C8F80010D8F8000000F40000D8
:102E3000059006B0BDE8F0810054004030380240F3
:102E400000040240005C0040000802400000024014
:102E500002488168027811448160704700000020B8
:102E60000B4810B5016841F400710160016841F43C
:102E700080610160016841F480710160032000F00D
:102E80006FF8002000F006F800F024F8002010BDD4
:102E9000003C024070B50D4D04464FF47A7128781D
:102EA000B1FBF0F00A490968B1FBF0F000F00AFB51
:102EB00048B9102C07D200222146501E00F030F8ED
:102EC00000206C6070BD012070BD0000000000207B
:102ED0000C0000200A4808B5016841F480410160F7
:102EE000006800F4804000900548001F016841F030
:102EF00080510160006800F08050009008BD000023
:102F000044380240002809DB00F01F0201219140F3
:102F10004009800000F1E020C0F800117047000077
:102F2000F0B40E4B1B680C46C3F30223C3F1070534
:102F3000042D00D90425191D072901D2002300E022
:102F4000DB1E012606FA05F1491E214099409E40EC
:102F5000761E16403143F0BC03F046B90CED00E09C
:102F6000064900F0070208684FF6FF03184040EAE0
:102F70000220034A10430860704700000CED00E097
:102F80000000FA052DE9F0470E46050065D0DFF890
:102F90001481D8F80000F7B200F00700B04207D261
:102FA00088F80070D8F8000000F00700B04254D153
:102FB00028683D4C810712D5400703D5206840F4AE
:102FC000E05020602878000703D5206840F4604076
:102FD00020602068A96820F0F0000843206028786D
:102FE000C0072DD0304968680839012812D002285E
:102FF00013D0032811D00968890700292DDA216828
:1030000021F0030101432160FFF74AFC814641F2B0
:10301000883A0EE009688903EFE709688901ECE75F
:10302000FFF73EFCA0EB0901514502D90320BDE8A2
:10303000F0872068696800F00C00B0EB810FEFD1D9
:10304000D8F80010404601F00701B14207D90770D7
:10305000006800F00700B04201D00120E7E72878BF
:10306000400705D52068E96820F4E0500843206057
:103070002878000706D52068296920F4604040EAD6
:10308000C100206000F038F82168084AC1F303113C
:10309000515CC8400649086006480068FFF7FAFE20
:1030A0000020C4E7003C0240083802400E9E0008A1
:1030B0000C0000200400002004480549006809684D
:1030C000044AC1F38221515CC84070470C000020C3
:1030D000083802401E9E0008044805490068096837
:1030E000044AC1F34231515CC84070470C000020D3
:1030F000083802401E9E0008154810B5006810F000
:103100000C02144813D04110042A0FD0082A0ED103
:103110000F4C241F2268236802F03F025B0207D590
:103120002068C0F38810A0FB010106E0084610BD2E
:103130002168C1F38811A1FB00010023FDF70AF902
:103140002168C1F30141491C4900B0FBF1F010BDF9
:10315000083802400024F4002DE9F84F04006ED036
:103160002078DFF84C93C007A9F104054AD009F193
:1031700004000168C1F38101012908D00068C0F38F
:10318000810002280AD1D9F80000400206D528683B
:10319000800337D560680028E1D033E06068B0F57F
:1031A000803F10D0B0F5A02F286810D020F48030D8
:1031B0002860286820F4802028606068A8B1FFF7A4
:1031C0006FFB06460DE0286840F48030F4E740F4D9
:1031D00080202860F7E700BFFFF762FB801B6428B0
:1031E00073D828688003F7D50CE0FFF759FB064633
:1031F00005E000BFFFF754FB801B6428F0D8286867
:103200008003F7D42078DFF8AC8280074FF0000A03
:103210003ED5A748001D016811F00C0F08D00068CA
:10322000C0F3810002280BD1D9F80000400207D476
:103230002868800716D5E068012800D112E033E144
:10324000E068B8B10120C8F80000FFF729FB064686
:1032500005E000BFFFF724FB801B0228C0D82868C8
:103260008007F7D52868216920F0F80040EAC100FE
:1032700028600DE0C8F800A0FFF712FB064604E046
:10328000FFF70EFB801B02281FD828688007F7D4A1
:103290002078000722D5864F87486169703771B161
:1032A00001210160FFF7FCFA064604E0FFF7F8FA97
:1032B000801B022809D838688007F7D50EE0C0F8CF
:1032C00000A0FFF7EDFA064605E082E0FFF7E8FA16
:1032D000801B02287DD838688007F7D42078400703
:1032E00068D5DFF8CCB100270BF13C0BDBF8000010
:1032F000C0000BD4DBF8001041F08051CBF8001077
:10330000DBF80000012700F0805000906B4E306821
:10331000C00510D4306840F480703060FFF7C0FA08
:10332000009005E0FFF7BCFA0099401A022850D837
:103330003068C005F6D55E4EA0686C3601280FD007
:103340000528306810D020F001003060306820F08F
:1033500004003060A068B8B1FFF7A2FA00900FE057
:10336000306840F00100F4E740F004003060F7E717
:10337000FFF796FA0099411A41F28830814266D8E7
:1033800030688007F4D50EE0FFF78AFA009007E076
:10339000FFF786FA0099411A41F28830814256D8E7
:1033A00030688007F4D42FB1DBF8001021F0805191
:1033B000CBF80010A069C8B33D49091D0968C1F3E5
:1033C000810102294AD00228504607D0C8F860007F
:1033D00000E03CE0FFF764FA04463BE04746C8F8EB
:1033E0006000FFF75DFA064605E000BFFFF758FAF8
:1033F000801B02282BD828688001F7D4D4E9070164
:103400000843A16A2E4A490802EB0141626A41EA77
:103410008211084394F82C1040EA0161C9F80010A9
:1034200001203866FFF73CFA044606E03EE000BFA4
:10343000FFF736FA001B022809D828688001F7D563
:1034400034E000BFFFF72CFA001B022802D903204A
:10345000BDE8F88F28688001F4D427E00128F7D070
:10346000D9F80000E26900F4800191421CD1226A7F
:1034700000F03F01914217D147F6C071626A0140E6
:10348000B1EB821F10D1A26A4FF0FF3300F440313C
:1034900003EB5202B1EB024F06D194F82C1000F06E
:1034A0007060B0EB016F01D00120D1E70020CFE7C1
:1034B0000438024000004742800E4742007000403E
:1034C0000000FFFF10B5401EB0F1807F01D3012046
:1034D00010BD4FF0E02460610F21601702F084FE00
:1034E0000020A06107202061002010BD70477047B8
:1034F00010B590F83C20012A22D0012280F83C200F
:10350000CA688C6822F4407222434C6822F48062BC
:1035100022430C6822F4006222430C6922F4805298
:1035200022434C6922F400522243C969002322F449
:1035300080420A4301684A6480F83C30002010BD94
:10354000022010BD70B590F83C20012A32D0012431
:1035500080F83C40022280F83D2003685A689D684C
:1035600022F070060A6832435A60134B02689A428E
:1035700014D0B2F1804F11D0104B9A420ED0104BA4
:103580009A420BD00F4B9A4208D00F4B9A4205D06B
:103590000E4B9A4202D00E4B9A4204D1496825F054
:1035A00080031943916080F83D40002180F83C1071
:1035B000084670BD022070BD0000014000040040BC
:1035C00000080040000C00400004014000400140A1
:1035D0000018004010B5040003D094F83D0010B16D
:1035E00007E0012010BD002084F83C00204600F0D8
:1035F0001FF8022084F83D00211D206802F008FA1F
:10360000012084F8460084F83E0084F83F0084F8E6
:10361000400084F8410084F8420084F8430084F8B4
:10362000440084F8450084F83D00002010BD0000EF
:1036300008B500681149884209D11148016841F074
:1036400001010160006800F00100009008BDB0F1C8
:10365000804FFBD10A48001F016841F00101016061
:103660000068002200F00100009001211C20FFF7FB
:1036700057FCBDE808401C20FFF744BC0000014097
:103680004438024090F83D10012901D001207047D4
:10369000022180F83D100168CA6842F00102CA6048
:1036A00000681149884214D0B0F1804F11D00F4901
:1036B00088420ED00E4988420BD00E49884208D06D
:1036C0000D49884205D00D49884202D00C498842F4
:1036D00004D1816801F00701062903D0016841F097
:1036E000010101600020704700000140000400401B
:1036F00000080040000C0040000401400040014070
:103700000018004070B5044690F83C0000250128E0
:1037100017D0012684F83C60022084F83D00206820
:10372000826822F0770222F47F4282600868502883
:1037300038D00DDC20284FD005DC90B3102811D1F3
:103740004AE0022070BD302846D040280AD13BE034
:1037500060282FD070280DD0B0F5805F03D0B0F571
:10376000005F12D0012584F83D60002084F83C0001
:10377000284670BDCB68D1E90121206802F0BDF96F
:103780002068816841F0770109E0CB68D1E9012127
:10379000206802F0B2F92068816841F480418160BC
:1037A000E1E719E0CA684968206802F07BFA502115
:1037B000206806E0CA684968206802F084FA60213F
:1037C000206802F0A4F9CEE7CA684968206802F0D0
:1037D00069FA40212068F4E7226801461046F0E7C4
:1037E0002DE9F0410D46040003D094F83D0018B1D6
:1037F00008E00120BDE8F081002084F83C0020466C
:1038000000F040F8022084F83D002068816844F20E
:10381000070291438160211D206802F0F9F82268B7
:1038200090689169166A2B68AF69034340F20330D0
:10383000814341EA0721A868EF6908434FF6FC413C
:103840008843E96840EA0720014328692F6A00019C
:1038500040EA0730084369686D6926F0AA0646EA1F
:103860000515294393602268906154F8460B016264
:10387000012004F81F09E0752076E0762077A07516
:103880000020B7E730B587B0044614216846FCF73E
:10389000E4FE214824681F4D00221F4910380223EE
:1038A000AC4216D10C6844F002040C60096801F0C7
:1038B00002010591016841F001010160006869465B
:1038C00000F001000590C0200090CDE901321348BE
:1038D00019E0134DAC421AD10C6844F004040C609A
:1038E000096801F004010591016841F008010160D7
:1038F0000068694600F0080005904FF440500090C1
:10390000CDE901320748CDE90323FEF7C7FE07B032
:1039100030BD00000004004040380240000002407A
:1039200000080040000C024070B590F83E6004466C
:1039300090F83F5090F8423090F84320022021B197
:1039400004290ED0012E1BD114E0012E18D1012B19
:1039500016D184F83E0084F842000122002120683C
:1039600020E0012D0CD1012A0AD184F83F0084F80F
:10397000430014E0012D03D1012B01D1012A01D014
:10398000012070BD84F83E0084F83F0084F84200B6
:1039900084F8430001220021206802F0A1F80122EE
:1039A0000421206802F09CF82068016841F00101C0
:1039B0000160002070BD70472DE9F04104460068A9
:1039C000C66805694FF00007A90713D5B10711D5DF
:1039D000F91E016101202077206880698007204658
:1039E00002D0FFF7E8FF04E000F0A8F8204600F05E
:1039F0003AF92777680716D5700714D521686FF054
:103A000004000861022020772068806910F4407F5C
:103A1000204602D0FFF7CFFF04E000F08FF82046E9
:103A200000F021F92777280715D5300713D521682D
:103A30006FF008000861042020772068C0698007C3
:103A4000204602D0FFF7B7FF04E000F077F82046E9
:103A500000F009F92777E80616D5F00614D5216895
:103A60006FF010000861082020772068C06910F40A
:103A7000407F204602D0FFF79EFF04E000F05EF892
:103A8000204600F0F0F82777E80708D0F00706D0C6
:103A900021686FF001000861204600F049F928060E
:103AA00008D5300606D521686FF0800008612046F1
:103AB000FFF71CFD680608D5700606D521686FF073
:103AC00040000861204600F0AFF9A8060AD5B0060C
:103AD00008D521686FF0200008612046BDE8F0415C
:103AE000FFF705BDBDE8F08110B586B0044614218E
:103AF0006846FCF7B2FD0E492068884216D10D4891
:103B00000021026842F010020260006800F010001C
:103B100005904FF4206000900220CDE901010120C2
:103B2000CDE9031069460448FEF7B8FD06B010BDA4
:103B3000000001403038024000100240704770B56C
:103B4000044690F83C0000260D4601280FD00120C5
:103B500084F83C006AB1042A1DD0082A2FD00C2A10
:103B60003FD00126002084F83C00304670BD022082
:103B700070BD206801F0D4FF2068816941F0080120
:103B800081612068816921F0040181612068816977
:103B90002A69114311E0206801F0F2FF2068816971
:103BA00041F4006181612068816921F48061816153
:103BB000206881692A6941EA02218161D2E720688F
:103BC00002F014F82068C16941F00801C161206861
:103BD000C16921F00401C1612068C1692A691143EA
:103BE00011E0206802F036F82068C16941F40061F4
:103BF000C1612068C16921F48061C1612068C16927
:103C00002A6941EA0221C161ACE710B5040003D082
:103C100094F83D0010B107E0012010BD002084F8A9
:103C20003C00204600F01EF8022084F83D00211DD3
:103C3000206801F0EDFE012084F8460084F83E0083
:103C400084F83F0084F8400084F8410084F8420082
:103C500084F8430084F8440084F8450084F83D006B
:103C6000002010BD7047704710B50446022249B1CC
:103C700004290ED0082913D094F84100012816D049
:103C8000012010BD94F83E000128F9D184F83E20AF
:103C90000FE094F83F000128F2D184F83F2008E0BB
:103CA00094F840000128EBD184F8402001E084F82A
:103CB00041200122206801F013FF16492068164AAE
:103CC000884201D0904203D1436C43F400434364E3
:103CD0002068884213D0B0F1804F10D00F4988423D
:103CE0000DD00F4988420AD00E49884207D0904231
:103CF00005D00D49884202D00C49884204D1816820
:103D000001F00701062903D0016841F001010160BB
:103D1000002010BD000001400004014000040040EC
:103D200000080040000C0040004001400018004026
:103D30002DE9F041374900680968884268D1364C5E
:103D400000252079401CC0B220710A2802D32571B9
:103D500000F08AFEE078401CC0B2E070052815D360
:103D6000E570FEF77DFA94ED020A2C48B8EE400AA1
:103D7000D0ED030A30EE800ABCEEC00A84ED020AE0
:103D800001F02EFBFEF77CFA01F02EFD244F4FF0E0
:103D900001084FF44876387840B184F80580E0682F
:103DA000401CE060B04210D3E6600EE0607901286C
:103DB0000FD1E068B0420CD16571E5602078401CFD
:103DC0002070FEF7EDF8387818B1A079012809D0F5
:103DD00012E084F806802069401C2061B0420BD3B9
:103DE000266109E02069B04206D1A57125612078DD
:103DF000401C2070FEF7D4F80A480178012907D149
:103E00006169491C6161B1F5FA7F01D30570656193
:103E1000BDE8F081480A002040090020600D002024
:103E200094080020BC080020704738B5044690F87C
:103E30004200202801D0022038BD51B14AB10120F2
:103E4000206300206063204602F0EAF8216B01291C
:103E500001D0012038BD21680A68496800912168B5
:103E60000C3151E8002F42F0100241E80023002BF2
:103E7000F5D138BD10B50C460D4A0168914216D1F6
:103E800000F01EF80B49224601F1800005F0C5F84C
:103E900080210848FCF7E1FB802206490648FFF72D
:103EA000C4FF06480068016821F00801016010BDE8
:103EB00000100140540C0020200B0020B00B00200B
:103EC00010B504460068406994F84110C0F3C01072
:103ED000212911D180B12068143050E8001F21F051
:103EE000800140E80012002AF5D1A06B08B1FEF76E
:103EF000F5F9204601F09EFF2068406994F84210D1
:103F0000C0F38010222911D180B12068143050E80C
:103F1000001F21F0400140E80012002AF5D1E06BBB
:103F200008B1FEF7DBF9204601F05DFF002010BD6F
:103F300070470000F8B5016804460868CA684B6914
:103F400010F00F0F4FF0000559D003F0010602F4F6
:103F50009077374365D0C10705D0D10503D5616C93
:103F600041F001016164410705D5D90703D0616CB7
:103F700041F002016164810705D5D90703D0616C66
:103F800041F004016164010707D502F020013143CB
:103F900003D0616C41F008016164616C00293AD082
:103FA000800604D5900602D5204601F051FF206816
:103FB0004069616CC0F38010090700D460B32046EB
:103FC00001F011FF20684069400621D520681430B7
:103FD00050E8001F21F0400140E80012002AF5D10E
:103FE000E06BA8B172490165E06BFEF7C0F90028EB
:103FF00011D0E06B016D01B0BDE8F04008478306C9
:104000000FD593060DD52046BDE8F84001F020BF3E
:104010002046FFF78DFFF8BD2046FFF789FF656456
:10402000F8BD266B2023012E7ED1C6067CD5D60690
:104030007AD508684868009048694FF00206400643
:104040004DD5E26B106840684FF480770004000C97
:104050003AD0A18D814237D9E085D069B8422DD0C0
:1040600020680C3050E8001F21F4807140E80012F5
:10407000002AF5D12068143050E8001F21F001011A
:1040800040E80012002AF5D12068143050E8001FE3
:1040900021F0400140E80012002AF5D184F84230B6
:1040A000256320680C3050E8001F21F0100140E823
:1040B0000012002AF5D1E06BFEF710F96663A08DBF
:1040C000E18D401A81B206E0A18D8142A8D1D0696C
:1040D000B842A5D166632046FFF7CCFEF8BDA08D9F
:1040E000E18D401A81B2E08D0028F7D00029F5D08B
:1040F00020680C3050E8002F22F4907240E800272E
:10410000002FF5D12068143050E8002F22F0010272
:1041100040E80027002FF5D184F84230256320685D
:104120000C3050E8002F00E006E022F0100240E8DA
:104130000023002BF3D1CDE705062BD5150629D595
:1041400094F841002128C9D1A068B0F5805F01D161
:104150002069B0B1206A411C216221680078486062
:10416000E08C401E0004000CE084B7D12068C168D8
:1041700021F08001C1602068C16841F04001C16048
:10418000F8BD206A0088C0F308004860206A801CDF
:104190002062E5E74006F3D55006F1D5CA6820460F
:1041A00022F04002CA6084F8413000F007F9F8BDFF
:1041B000EB5C000870B5040004D094F841000025C1
:1041C00010B106E0012070BD84F84050204600F098
:1041D00023F8242084F841002068C16821F40051AC
:1041E000C160204601F096FE2068016921F49041EB
:1041F00001612068416921F02A0141612068C1689C
:1042000041F40051C1606564202084F8410084F8C5
:1042100042006563002070BDF0B587B006461421EA
:104220006846FCF71AFA354F3068002534490222F7
:1042300003230724B84238D131481430076847F0C7
:1042400010070760006800F010000590086840F053
:10425000010008600868694600F0010005905802F6
:104260008DE82500CDE903342648FEF717FA274CE0
:10427000254820604FF00060C4E901054014C4E9FE
:1042800003506561A561E561256220466562FEF720
:1042900051F908B1FDF7F0FFF46300221146252023
:1042A000A663FEF73DFE252023E0194EB04222D141
:1042B00013481030066846F400360660006800F4C3
:1042C00000300590086840F00800086008686946FA
:1042D00000F00800059060208DE82500CDE903344A
:1042E0000C48FEF7DBF9002211462620FEF718FEE7
:1042F0002620FEF707FE07B0F0BD000000100140C9
:10430000303802400000024040640240B00B002000
:1043100000440040000C0240704770472DE9F8430C
:10432000044690F84100984616460D46202802D0D3
:104330000220BDE8F88385B17EB1002060642120B1
:1043400084F84100FEF7ACFAA6848146E684A068B2
:104350002027B0F5805F02D003E00120E9E7206963
:1043600010B12E4600250EE000260CE080212046EC
:1043700001F0A6FEA8B9C6B116F8010B2168486085
:10438000E08C401EE084E08C4B464FF00002CDF8FC
:1043900000800028EAD14FF04001204601F090FE55
:1043A00040B184F841700320C3E735F8020BC0F335
:1043B0000800E3E784F841700020BAE77047FEE7A1
:1043C00001684A69D24352050FD46FF480624A6192
:1043D000002140F8301F202242738173026942F0AD
:1043E0000402026101730120704700207047000041
:1043F0002DE9F84F0446006889460B9D01689846F0
:10440000174641F4806101602068016841F48071C1
:10441000016000954FF0011B0022594620460A9B7F
:1044200000F0E4F84FF4007A40B120680068C0055D
:1044300001D5C4F840A00320BDE8F88F216809F039
:10444000FE0008612B46284920460A9A00F016F91A
:10445000F0BB20684169806900902A4620460A998D
:1044600000F0A2F940B1206C04283AD1206801681C
:1044700041F40071016034E0FEB2B8F1010F09D0DF
:104480002168380A08612A4620460A9900F08CF90A
:104490000028E8D1206806612A4620460A9900F0E3
:1044A00083F90028DFD12068016841F48071016040
:1044B00000950022594620460A9B00F097F80028F4
:1044C000B3D1216809F0FF0040F00100086100E06D
:1044D00007E02B46044920460A9A00F0CFF800284E
:1044E000AAD00120A8E70000020001002DE9F8434E
:1044F000044600680D46DDE90897016898461646AF
:1045000041F4807101604B4600224FF001112046BA
:10451000009700F06BF848B120680068C00502D52C
:104520004FF4007020640320BDE8F883216805F093
:10453000FE0008613B464A461549204600F09EF8B9
:1045400088B920684169806900903A46494620460A
:1045500000F02AF948B1206C042804D120680168D1
:1045600041F4007101600120DEE7F5B2B8F1010FFE
:1045700009D02168300A08613A464946204600F0D1
:1045800013F90028E7D1206805610020CCE700007E
:104590000200010070B516460D4604461EE0204696
:1045A000FFF70EFF08B1012070BD681C16D0FEF7A2
:1045B00077F9801BA84200D885B920684069C043BC
:1045C00040070BD5002044F8300F20216173A07301
:1045D000216941F0200121612073E4E720684069EE
:1045E000C0434007DBD4002070BD00002DE9F04738
:1045F000984617460D460446C1F30746DDF820905D
:104600002AE000BFB8F1FF3F26D0FEF749F9A0EB42
:104610000901414502D8B8F1000F1DD12068012ED3
:1046200016D0806925EA00000004000C12D000209A
:10463000B84211D1002044F8300F20216173A073DB
:10464000216941F02001216120730120BDE8F0873C
:104650004069E7E70120EBE72068012E0AD0806976
:1046600025EA00000004000C06D00020B842C9D0A2
:104670000020EBE74069F3E70120F7E72DE9F04779
:10468000984616460D4604464FF000094FF0200AA2
:10469000C1F3074723E020684069C043400515D4B3
:1046A0002068016841F40071016021686FF4806046
:1046B0004861C4F8309084F83DA084F83E90216CA5
:1046C00041F00401216484F83C9021E0701C06D084
:1046D000FEF7E6F8A0EB0800B04203D816B1012FB0
:1046E0001FD021E02068012F15D0806925EA000045
:1046F0000004000C18D000BF44F8309F84F80DA0CF
:1047000084F80E90216941F02001216184F80C9019
:104710000120BDE8F087406925EA00000004000C94
:10472000EAD12068406901E02068806925EA00003C
:104730000004000CAFD1ECE72DE9F04100259046D4
:104740000E460446202728E04069C043C0060CD42A
:1047500054F8301B6FF01000486144F81059677727
:10476000A577206A2062257714E0FEF799F8A0EB80
:104770000800B04200D886B920684069C0434006AE
:104780000BD544F8305F6773A573206940F02000B3
:10479000206125730120BDE8F08120684169C9438B
:1047A0004906D1D40020F6E770B516460D460446FA
:1047B0001EE02046FFF704FE08B1012070BD681C12
:1047C00016D0FEF76DF8801BA84200D885B9206886
:1047D0004069C04300060BD5002044F8300F20216B
:1047E0006173A073216941F0200121612073E4E726
:1047F00020684069C0430006DBD4002070BD000083
:1048000010B50E4C002202212046FEF744F800F0BD
:1048100017F8012208212046FEF73DF800F010F8B5
:10482000002208212046FEF736F800F009F820465D
:104830000122BDE810400221FEF72DB80000024021
:104840000020401CC0B20A28FBD370470C4800B5BA
:10485000016887B041F0010101600068694600F01D
:10486000010005900A200090022003901120019081
:104870000448FDF713FF00F0B9F807B000BD0000D1
:10488000303802400000024008B501236A46DD21AD
:10489000982000F01FF89DF8000008BD10B50C4CE2
:1048A000012202212046FDF7F6FFFFF7C9FF012292
:1048B00008212046FDF7EFFFFFF7C2FF0022082185
:1048C0002046FDF7E8FFBDE81040FFF7B9BF000044
:1048D000000002403EB54FF47A748DE81C000A4691
:1048E000014601230348FEF7A5F808B100203EBDAC
:1048F00001203EBDAC0900202DE9F0410024134EFB
:10490000074625466006040E012208213046FDF7C1
:10491000C2FFFFF795FF02213046FDF7B7FF08B150
:10492000641CE4B2002208213046FDF7B4FFFFF713
:1049300087FF6D1CEDB2082DE4D327B1FFF760FFB0
:104940002046BDE8F081FFF7A9FFF9E7000002402B
:1049500070B5154E05460024280601D5012200E059
:10496000002202213046FDF796FFFFF769FF012282
:1049700008213046FDF78FFFFFF762FF0022082174
:104980003046FDF788FF072C04D101220221304672
:10499000FDF781FF6806050EFFF752FF641CE4B2C5
:1049A000082CD9D370BD00000000024010B50E4C99
:1049B000012202212046FDF76EFF01220821204638
:1049C000FDF769FFFFF73CFF002202212046FDF7BB
:1049D00062FFFFF735FF002208212046FDF75BFF4D
:1049E000BDE81040FFF72CBF0000024010B50A4C94
:1049F000002202212046FDF74EFF01220821204619
:104A0000FDF749FFFFF71CFF20460122BDE81040DB
:104A10000221FDF740BF00000000024070B5104DBC
:104A2000012202212846FDF736FFFFF709FF012288
:104A300008212846FDF72FFFFFF702FF0221284635
:104A4000FDF724FF08B1012400E000240022082122
:104A50002846FDF720FFFFF7F3FE204670BD00005B
:104A600000000240FDF78EBB10B5FDF719FFBDE851
:104A7000104002F04DBE000070B5074D0446287886
:104A8000844208D00CB1012200E000220421034836
:104A9000FDF701FF2C7070BD840800200004024067
:104AA0000020FFF7E9BF000001480078FFF7E4BFEE
:104AB000BC08002070B5164890ED000A154804F0B7
:104AC00053F9BDEEC00A144890ED041AD0ED030A64
:104AD000B8EEC00A04F07BF9BDEEC00A0E4D303DC1
:104AE00010EE104A6868001B00EE100A0948B8EE84
:104AF000C00A783804F0BCF96868204400EE100A57
:104B0000BDE870400348B8EEC00A3C3804F0B0B9C4
:104B100098080020400E0020F00800202DE9FE4FEC
:104B2000002793468A4681463E463D463C464FF422
:104B3000C87802AA01A9684600F01EF8BDF9000075
:104B40000744BDF904000644BDF9080005440520EA
:104B5000FDF792FD641C4445EBDB404697FBF0F10A
:104B6000A9F8001096FBF8F195FBF8F0AAF80010F0
:104B7000ABF80000BDE8FE8F7CB514460D46064636
:104B80006B4606224321682000F068F800280BD10C
:104B9000BDF8001049BA3180BDF8021049BA298029
:104BA000BDF8041049BA21807CBD10B5FFF74EFE58
:104BB00080216B2000F0C1F86420FDF75DFD00212D
:104BC0006B2000F0BAF8032000F083F8002000F01A
:104BD0007BF8322000F09AF80021382000F0ADF880
:104BE00000216A2000F0A9F80021232000F0A5F898
:104BF0008021372000F0A1F8752000F011F8682816
:104C000001D0012010BD01216B2000F096F8002199
:104C10006C2000F092F8322000F078F8002010BDEF
:104C200010B50446FFF7C2FED020FFF791FEFFF754
:104C3000F5FE2046FFF78CFEFFF7F0FEFFF7B6FE0D
:104C4000D120FFF785FEFFF7E9FE0020FFF754FEB5
:104C50000446FFF7CBFE204610BD00002DE9F041D1
:104C60001D4614460F460646FFF7A0FE7006000ECE
:104C7000FFF76EFEFFF7D2FE20B1FFF7B7FE01206F
:104C8000BDE8F0813846FFF763FEFFF7C7FEFFF788
:104C90008DFE012000EB4600C0B2FFF759FEFFF782
:104CA000BDFE09E0012C0DD05FF00100FFF724FEEE
:104CB000641E05F8010BE4B2002CF3D1FFF796FE59
:104CC0000020DDE70020F1E7C006010E1C2000F007
:104CD00034B8C006010E1B2000F02FB8BC2801D349
:104CE000012110E0622801D302210CE02A2801D31F
:104CF000032108E0142801D3042104E00A2801D389
:104D0000052100E006211A2000F017B810B504466E
:104D10004FF47A70844201D9044602E0042C00D298
:104D20000424B0FBF4F0401EC1B2192000F005F8D5
:104D30006008BDE81040FFF7D1BF70B50C460546CE
:104D4000FFF734FED020FFF703FEFFF767FE50B9F0
:104D50002846FFF7FDFDFFF761FE2046FFF7F8FD4F
:104D6000FFF75CFE18B1FFF741FE012070BDFFF7B1
:104D70003DFE002070BD2DE9F0411E4615460F4650
:104D80000446FFF713FE6006000EFFF7E1FDFFF794
:104D900045FE60B93846FFF7DBFDFFF73FFE002414
:104DA0000CE0305DFFF7D4FDFFF738FE20B1FFF7D0
:104DB0001DFE0120BDE8F081641CE4B2AC42F0D3DA
:104DC000FFF714FE0020F5E7094808B5016841F433
:104DD000800101600068002200F48000009011460C
:104DE0003A20FEF79DF8BDE808403A20FEF78AB861
:104DF000303802402DE9F04387B014216846FBF7B4
:104E00002CFC37480024016841F00401016001686E
:104E100001F004010591016841F080010160016821
:104E200001F080010591016841F001010160016814
:104E300001F001010591016841F002010160016882
:104E400001F002010591016841F010010160016863
:104E500001F010010591016841F00801016000684E
:104E6000204F00F00800059001220A213846FDF786
:104E700012FDDFF87480002204214046FDF70BFD8F
:104E8000DFF868904FF4AA46002231464846FDF705
:104E900002FD0125CDE90054694638460294FDF72C
:104EA000FDFB0A2000901120CDE9010502200390AE
:104EB00069463846FDF7F2FB04200090CDE9015425
:104EC000694640460394FDF7E9FB0096CDE901549D
:104ED000694648460394FDF7E1FB07B0BDE8F0835F
:104EE000303802400000024000040240001002403E
:104EF0000D4810B50B4901600C49416000214FF489
:104F000080428160C0E9031241618161C161016237
:104F1000FDF7CCFC002803D0BDE81040FDF7ACB98C
:104F200010BD00000054004058090020801A0600FF
:104F30000D4810B50B4901600C49416000214FF448
:104F400080428160C0E9031241618161C1610162F7
:104F5000FDF7ACFC002803D0BDE81040FDF78CB98C
:104F600010BD0000005C0040AC090020A0860100DC
:104F700010B596B000240F941094119412941394C9
:104F80001C2168461494FBF768FB202107A8FBF757
:104F900064FB2C482A4901600721C0E9011440F252
:104FA000E731C0E9031444618461FEF713FB08B1E3
:104FB000FDF762F94FF480500F900FA92148FEF7DA
:104FC000A1FB08B1FDF758F91E48FEF71EFE08B117
:104FD000FDF752F9139413A91A481494FEF7B2FA84
:104FE00008B1FDF749F96020CDE90004029403946B
:104FF000049405940022694612480694FEF79FFD2A
:1050000008B1FDF739F9042269460E48FEF797FD0D
:1050100008B1FDF731F90794089409944FF4005052
:105020000A94CDE90B4007A906480E94FEF760FAF2
:1050300008B1FDF721F90348FEF756FD16B010BD83
:1050400000000140000A002010B586B00024164878
:10505000009401940294039404944FF080410594C9
:1050600001605321C0E9011440F2E731C0E90314A3
:105070008461FEF7AFFA08B1FDF7FEF84FF48050F7
:10508000009069460848FEF73DFB08B1FDF7F4F8CB
:10509000049404A904480594FEF754FA002801D0AA
:1050A000FDF7EAF806B010BD480A002010B58CB034
:1050B00024216846FBF7D1FA0024164809941449C4
:1050C0000A94C0E900144FF6FF71C0E9024104617F
:1050D00084610320CDE900040120CDE90204092107
:1050E0000491CDE90540CDE9074169460948FEF73D
:1050F00077FB08B1FDF7C0F8099409A905480A949F
:10510000FEF720FA002801D0FDF7B6F80CB010BD6C
:1051100000040040900A002010B58CB0242168469D
:10512000FBF79BFA00241648099414490A94C0E935
:1051300000144FF6FF71C0E902410461846103204D
:10514000CDE900040120CDE9020409210491CDE953
:105150000540CDE9074169460948FEF741FB08B122
:10516000FDF78AF8099409A905480A94FEF7EAF9B7
:10517000002801D0FDF780F80CB010BD00080040F9
:10518000D80A00200C4810B50A4901604FF4E131FB
:105190004160002181600C22C160C0E9041281617C
:1051A000C161FFF707F8002803D0BDE81040FDF704
:1051B00063B810BD00100140200B00200C4810B552
:1051C0000A4901604FF4E1314160002181600C2205
:1051D000C160C0E904128161C161FEF7EBFF0028E4
:1051E00003D0BDE81040FDF747B810BD00440040B3
:1051F000680B0020FEE710B5044681898068012213
:10520000FDF749FBA18A01222069FDF744FB00203C
:10521000E061616839B1042909D008292168096869
:1052200009D0086410BD21680968486310BD216871
:105230000968886310BDC86310BD2DE9F0410446BC
:1052400006A890E8E0502160C4E90123A581266109
:10525000A78284F818C00021C4E9071E1846294611
:105260000122FDF718FBA18A00222069FDF713FB3C
:10527000D4E90001FEF7F8FC606848B104280CD0BE
:1052800021680828E06909680CD00864BDE8F0814D
:105290002168E06909684863F8E72168E0690968FE
:1052A0008863F3E7C863F1E70146C069002803DDBE
:1052B000096A884205DB7047FDDA096A494288427B
:1052C000F9DD08467047000070B586B0002502A9D8
:1052D00050264FF4804081E861000D4C8010CDE9EC
:1052E000000423462A460B490B48FFF7A6FF02A9F4
:1052F000201581E861008010CDE9000406482346AE
:10530000042204492430FFF798FF06B070BD000066
:1053100000100240000A0020800D00200846914243
:1053200001DD104670479842FCDA1846704710B508
:1053300004460068C26820465342FFF7EFFFE06171
:105340002046FFF7B1FFE0610028207E1EDB40B160
:105350000022A189A068FDF79EFA207E18B10122E3
:1053600002E00122F5E70022A18A2069FDF793FA05
:105370006068B8B104281DD00828E06922D0002850
:1053800000DA404221680968086410BD08B10122B2
:1053900000E00022A189A068FDF77DFA207E0028A8
:1053A000E1D1DCE7E069002800DA404221680968C1
:1053B000486310BDE069002800DA404221680968AE
:1053C000886310BD002800DA404221680968C8637C
:1053D00010BD10B5FFF7E9FBBDE8104002F074BE48
:1053E000074A10B5111F081F02F0BCFD044C083C11
:1053F00094ED020A01F072FC84ED020A10BD000077
:1054000020090020FEE770B5002404F1B000C0B20E
:1054100000F0B0F8002000F0ADF8102000F0AAF87D
:105420000025002000F0B8F86D1CEDB2802DF8D3F7
:10543000641CE4B2082CE8D370BD000070B5C8202D
:10544000FDF71AF9044D0024285D00F093F8641C60
:10545000E4B2172CF8D370BD1808002010B504462C
:10546000B031C8B200F086F8102040EA141000F005
:1054700081F804F00F00BDE8104000F07BB8000098
:105480002DE9F047203A0024089E0F468146D5B208
:105490007F2803D900208F1C8146FFB2102B39468C
:1054A00012D0FFF7DBFF1B4905EB450001EB400580
:1054B000285D0EB1C043C0B200F06EF8641CE4B2C7
:1054C000062CF5D3BDE8F087FFF7C8FFDFF848806A
:1054D00004EB051118F801000EB1C043C0B200F092
:1054E0005BF8641CE4B2082CF2D37F1CF9B2484686
:1054F000FFF7B4FF0024474604EB05103844007A58
:105500000EB1C043C0B200F047F8641CE4B2082CEE
:10551000F2D3D7E710000020380200202DE9F8432D
:105520001E461746894604460025DDF8208014E013
:10553000334649462046CDF80080FFF7A1FF0C2EE8
:1055400010D00834E4B27A2C01D90C2E0CD0782C6F
:1055500001D9102E08D06D1CEDB27A5D002AE7D17A
:10556000BDE8F883A41DEDE709F10100002400F077
:10557000FF09F0E701B584B001214FF4807204A85F
:105580008DE807000B46002278210248FDF754FB06
:1055900005B000BD5809002001B584B001214FF4C9
:1055A000807204A88DE807000B464022782102484B
:1055B000FDF742FB05B000BD5809002010B5FFF70C
:1055C0003DFFBDE81040FFF71EBF2DE9F041A2B03E
:1055D0001D4616460F46804629AB802101A8289A11
:1055E000FAF754FF0446334601AA3946404600956F
:1055F000FFF794FF22B02046BDE8F08110B5324994
:105600008AB032A009780023CDE900010C221946A6
:105610007820FFF7DAFF2E480DF1140C0078C4094A
:10562000C0F38013C0F34012C0F300118CE81E00D9
:10563000C0F3C001C0F38002C0F3400300F00100DA
:10564000CDE9010323A00090CDE9032100230C2222
:1056500019461846FFF7B9FF244925A00023097809
:105660000C22CDE9000102217220FFF7AEFF224893
:10567000C06804F049FBCDE9020120A0002300909E
:105680000C2202211846FFF7A0FF2048C06804F052
:105690003BFBCDE902011EA0002300900C22042157
:1056A0001846FFF792FF1F48006804F02DFBCDE974
:1056B00002011DA0002300900C2206211846FFF7CE
:1056C00084FF0AB010BD00004109002025640000DD
:1056D0009408002025642D25642D25642D25642D36
:1056E00025642D25642D25642D25640040090020A6
:1056F0002530326400000000600D00204C656674A7
:105700003A252E3266636D2F73202000700D002025
:1057100052696768743A252E3266636D2F732020B4
:1057200000000000200900205961773A25662020FA
:105730000000000010B529482DED028B9FED288A4E
:1057400090ED042A90EC030AF0EE481A254803F085
:105750004FFB2248F0EE481A143090EC030A90ED0B
:10576000042A20483C3003F043FB1C48F0EE481A62
:10577000283090EC030A90ED042A1A48783003F0A0
:1057800037FB1648F0EE481A3C3090EC030A90EDD7
:10579000042A1448B43003F02BFB104C1148083C89
:1057A00094ED010AB8EEC00A03F062FB94ED010A21
:1057B0000C48B8EEC00A3C3003F05AFB0948B0EE82
:1057C000480A783003F054FBB0EE480ABDEC028B77
:1057D0000448BDE81040B43003F04ABBC8080020BC
:1057E00000000000C80D002070B52A482DED028B86
:1057F000017800294BD04178E1B35E214160FFF789
:1058000059F9254890ED030A244803F0ADFA2448DD
:10581000FDEEC08A90ED030A20483C3003F0A4FA64
:105820001C48BDEEC08A0830B8EEE80A90ED041AB4
:10583000D0ED030A03F0CBFA1648BDEEC00A1C30C7
:1058400010EE104A90ED041AD0ED030AB8EEC80A23
:1058500003F0BDFABDEEC00A2146124810EE105A00
:10586000FFF765FDBDEC028B2946BDE870400E4890
:10587000FFF75DBD0D4944F620620968914201D9E8
:105880004B2100E082214160FCF754FBB9E7BDECFD
:10589000028B70BDC0080020600D0020C80D0020E4
:1058A000700D0020800D0020A40D0020480900206C
:1058B0007047704710B500F079F80249022008706F
:1058C00010BD0000240900202DE9F0410C4D0024FA
:1058D0002E1F10E0FCF7E4FF04EB440205EB82010D
:1058E000D1E901373B44834203D8886055F8220050
:1058F0008047641CE4B230788442EBD3BDE8F08189
:1059000028090020FDF7A4BA30B593B030216846CD
:10591000FAF7A3FE14210CA8FAF79FFE1D480025F4
:10592000016841F080510160006800F080501190E2
:105930001948016841F4804101600068022400F4C4
:105940008040119001200090000401908001CDE979
:10595000064008AA0420A82182E813000B9068469C
:10596000FDF7FAFB08B172B6FEE70CA90F2081E83B
:1059700031004FF4A0500F904FF48050109005214B
:105980000CA8FDF7FFFA002801D072B6FEE713B0AD
:1059900030BD0000403802400070004002480168FD
:1059A00041F470010160704788ED00E010B5FFF729
:1059B00077F8FFF757F8FFF701FE00F0C7FBFCF799
:1059C0005DFCFFF781FCFCF737FCFFF702FDFFF7FA
:1059D000B1FE04A1094800F0D5FBBDE8104008481D
:1059E000FDF750BE3D3D3D2053797374656D2049F0
:1059F0006E6974203D3D3D0D0A000000200B002023
:105A0000480A00200148FDF7D7BF0000480A0020DF
:105A1000F0B50268274B284D284E294F294C4FF0EE
:105A2000804C984209D0604507D0A84205D0B042CA
:105A300003D0B84201D0A04204D122F0700E4A68CF
:105A400042EA0E0298421BD0604519D0A84217D0F6
:105A5000B04215D0B84213D0A04211D01A4DA8427E
:105A60000ED01A4DA8420BD0194DA84208D0194D9E
:105A7000A84205D0184DA84202D0184DA84203D123
:105A800022F44075CA682A434D6922F080022A43F5
:105A90008D68C5620D688562984201D0A04201D12F
:105AA00009690163016841F004010160012141615C
:105AB0000260F0BD0000014000040040000800400A
:105AC000000C00400004014000400140004401403F
:105AD0000048014000180040001C00400020004029
:105AE00010B501F01F030121046A99408C43046240
:105AF000016A9A401143016210BD10B5846842EA00
:105B0000032224F47F440A432243826010BD82684A
:105B100022F070020A4342F00701816070470000E2
:105B2000F0B5036A026A22F00102026242688469E7
:105B3000124E24F073050C682C4323F002058B6889
:105B40002B430D4DA84201D0B04205D123F00807E8
:105B5000CB683B4323F00403A84201D0B04205D1F7
:105B60004D6922F4407215438A692A434260846178
:105B7000496841630362F0BD000001400004014038
:105B8000F0B5026A036A23F0100303624368846974
:105B90000D6824F4E64444EA05248D6822F02002CE
:105BA00042EA05120F4D104EA84201D0B04206D174
:105BB000CF6822F0800242EA071222F04002A84297
:105BC00001D0B04207D14D6923F4406343EA850315
:105BD0008D6943EA85034360846149688163026299
:105BE000F0BD00000000014000040140F0B5026A71
:105BF000036A23F4807303624368C46922F4007269
:105C000024F073050C68124E2C438D6842EA05227D
:105C10000E4DA84201D0B04206D1CF6822F40062F6
:105C200042EA072222F48062A84201D0B04207D1A2
:105C30004D6923F4405343EA05138D6943EA051384
:105C40004360C4614968C1630262F0BD0000014065
:105C50000004014030B5046A026A22F480520262F4
:105C60004268C3690D6823F4E64343EA05238D685F
:105C700024F4005444EA0534084DA84202D0084DEB
:105C8000A84204D14D6922F4804242EA8512426062
:105C9000C36149680164046230BD00000000014036
:105CA0000004014010B5036A046A24F00104046290
:105CB000846924F0F00444EA021423F00A020A433F
:105CC0008461026210BD10B5036A046A24F01004F6
:105CD0000462846923F0A00324F4704444EA02328D
:105CE00043EA01118261016210BD10B5806B002191
:105CF000C185FEF71DF910BD70B5846B2068406941
:105D000094F84110C0F3C0100025212904D118B126
:105D1000E584204600F08EF82068406994F842102F
:105D2000C0F38010222904D118B1E585204600F087
:105D30005AF8606C40F0100060642046FEF7F8F8F6
:105D400070BD10B50146806B096809684FF000020C
:105D5000C9052ED4C28501680C3151E8003F23F4F7
:105D6000807341E80034002CF5D10168143151E80A
:105D7000003F23F0010341E80034002CF5D1016815
:105D8000143151E8003F23F0400341E80034002C77
:105D9000F5D1202180F84210016B012909D1016859
:105DA0000C3151E8003F23F0100341E80034002C8F
:105DB000F5D14263016B012902D0FEF7ADFA10BDA7
:105DC000818DFEF757F810BD10B5806B012141633E
:105DD000016B012902D0FEF7A0FA10BD818D4908A0
:105DE000FEF748F810BD01680C3151E8002F22F48D
:105DF000907241E80023002BF5D10168143151E87D
:105E0000002F22F0010241E80023002BF5D1016BA5
:105E1000012909D101680C3151E8002F22F010024C
:105E200041E80023002BF5D1202180F84210002109
:105E30000163704701680C3151E8002F22F0C00265
:105E400041E80023002BF5D1202180F84110704754
:105E500008B590F84210222901D0022008BD8268BE
:105E60004FF480539A4201D1016921B1816A9A426B
:105E70001BD04AB10AE00268816A5268C2F3080284
:105E80000A80816A891C08E0026972B1026852685E
:105E900002F07F020A70816A491C8162C18D491E2D
:105EA0000904090CC18503D01BE002685268F1E7C0
:105EB0000168CA6822F02002CA600168CA6822F438
:105EC0008072CA6001684A6922F001024A61202199
:105ED00080F8421000214163026B012A03D0FEF7D3
:105EE0001BFA002008BD016301680C3151E8002F46
:105EF00022F0100241E80023002BF5D101680A6866
:105F0000D20602D50A6849680091818DFDF7B2FF7B
:105F1000E7E7000070B5044600680169E26821F413
:105F20004051114301612169A068E2690843616938
:105F3000114308432168CA6849F20C639A4302433B
:105F4000CA6020684169A26921F44071114341612E
:105F500031492068884202D03049884202D1FDF799
:105F6000BBF801E0FDF7A8F8E269002319216425D8
:105F70003226B2F5004F626828D0A0FB0101930FD2
:105F80009200FAF7E7F90146B0FBF5F06FF018025E
:105F9000504301EB800006EB0010B0FBF5F000F081
:105FA000F002B1FBF5F002EB0012B1FBF5F06FF07F
:105FB0001803584301EB800006EB0010B0FBF5F02E
:105FC00000F00F0021681044886070BDA0FB010143
:105FD00092185B41FAF7BEF90146B0FBF5F00201F9
:105FE000B1FBF5F06FF01803584301EB800006EBAE
:105FF000C000B0FBF5F000F0F80002EB4002B1FB8E
:10600000F5F0584301EB800006EBC000B0FBF5F063
:1060100000F00700D6E70000001001400014014026
:1060200038B58162044682850020134660642222CE
:1060300084F84220E56B1F4AEA63E56B1E4A2A6436
:10604000E56B1E4AEA64E26B10650A462168E06B64
:10605000091DFCF7D9FA30B110206064202084F8C3
:106060004200012038BD2068016840680090206926
:1060700048B120680C3050E8001F41F4807140E8BE
:106080000012002AF5D12068143050E8001F41F0BA
:10609000010140E80012002AF5D12068143050E8D0
:1060A000001F41F0400140E80012002AF5D1002015
:1060B00038BD0000435D0008C95D0008F95C0008B8
:1060C0002DE9F843984617460D460446089E24E0FD
:1060D000701C22D0FCF7E4FBA0EB0800B0421AD8F9
:1060E000CEB12068C168490717D5802D15D0402D45
:1060F00013D00168C94309070FD40168002540681F
:1061000000902046FFF76FFE0820606484F840503E
:106110000120BDE8F8830320FBE72068006835EA2A
:10612000000004D00020B842D2D00020F1E70120C6
:10613000F9E700000148FDF7FDBE0000200B00203C
:106140000148FDF7F7BE0000680B002010B5802263
:106150000749084802F04EFF802207490748FDF72B
:1061600064FE07480068016821F00801016010BD65
:10617000E00C0020D40C0020540C0020200B002048
:10618000B00B00200FB44FF4007130B5ADF5017DB8
:10619000054686AB6846859AFAF778F9044682B2D6
:1061A000FF2369462846FEF7B9F80DF5017D204624
:1061B00030BC5DF814FBFEE703B401984100009881
:1061C00050EAC12018BF04204A0D18BF40F001005A
:1061D00040F2FF72B2EB515F08BF40F002000128AD
:1061E00008BF052002B070470907090E002804DB2C
:1061F00000F1E02080F80014704700F00F0000F17B
:10620000E02080F8141D704770B5C1482DED020BD9
:106210002DED0E8B82B0119D25F000449FEDBEDB6D
:106220009FEDBFEB84423EDBA4F140511098A1F1F9
:106230007F6108430FD0BC48844202DC28D110980B
:1062400030B39DED100B02B0BDEC0E8B02B0BDE87B
:10625000704000F071BC9DED100B53EC1D2B51EC08
:10626000100B03F091FA9DED100B41EC180B53EC61
:106270001E2B51EC100B03F087FA53EC182B03F094
:1062800027F841EC100B02B0BDEC0E8B02B070BDD4
:106290000120FAF711FA02B0BDEC0E8B02B0BDE896
:1062A000704000F05DBCA1489FEDA18B844256DA9E
:1062B0009DED100BB4F1795F0ADA51EC100BFFF78A
:1062C0007BFF042808BF00F05BFC9DED100BDAE7B4
:1062D00053EC102B51EC100B03F056FA41EC190B58
:1062E00095480621B0EE490AF0EE690A784400F0BC
:1062F000A7FB53EC192B51EC100B03F045FA41ECC2
:106300001A0B8E48B0EE490AF0EE690A042178446F
:1063100000F096FB53EC192B51EC100B03F034FA00
:1063200053EC182B02F0D4FF41EC100B51EC1A0B7C
:1063300053EC102B03F080F8CDE900019DED000B2C
:1063400053EC102B9DED100B51EC100B03F01CFACD
:106350009DED101B53EC112B02F0BAFFD2E09DED26
:10636000100B51EC100B01F025FB53EC182B03F034
:1063700009FB9FED730BCDE9000153EC102B9DED54
:10638000000B51EC100B03F0FFF941EC190B6E48B8
:106390000621B0EE490AF0EE690A784400F050FB9D
:1063A00053EC192B51EC100B03F0EEF941EC1B0BE5
:1063B0006648B0EE490AF0EE690A0421784400F01C
:1063C0003FFB53EC192B51EC100B03F0DDF953ECB0
:1063D000182B02F07DFF41EC1C0B51EC190B02F065
:1063E000D5FE41EC180B5A489FED5BABA04222DC76
:1063F00053EC1C2B51EC1B0B03F01EF8CDE90001F4
:106400009DED000B51EC180B53EC102B03F0BCF975
:1064100053EC182B02F05CFF53EC1A2B03F0B4F989
:1064200053EC1D2B03F086FB53EC1E2B03F0AAFA52
:1064300041EC100B5FE08DED008B002000909DED96
:10644000000B51EC180B53EC102B02F041FF9DEDAB
:10645000000B41EC1E0B53EC102B51EC100B03F016
:1064600093F953EC192B03F08DFA53EC1E2B02F029
:10647000E3FF41EC190B53EC1C2B51EC1B0B02F00E
:10648000DBFF41EC1B0B53EC1A2B51EC190B03F007
:106490007BF953EC1D2B03F075FA41EC190B53EC0F
:1064A0001A2B51EC180B03F06FF953EC1B2B03F074
:1064B0006BF953EC192B03F03DFB9DED000B41EC08
:1064C000180B53EC1A2B51EC100B03F05DF99FEDF8
:1064D000249B53EC192B03F055FA41EC100B51ECB3
:1064E000180B53EC102B03F025FB53EC192B03F086
:1064F00049FA41EC100B002D3FF7C5AE51EC100BE3
:1065000002F0A8FE41EC100BBDE600000000000008
:106510000000F03F00000000075C143326A6913C09
:10652000182D4454FB21F93F0000F07F0000E03FAC
:10653000000000000000F03F904700009E47000070
:10654000000000000000E03FE2460000F0460000CE
:106550003333EF3F00000000000000000000004067
:10656000182D4454FB21E93F70B59B482DED020BDB
:106570002DED068B079D25F00044A04218DC9748BE
:10658000844202DC0AD1069840B19DED060BBDECB9
:10659000068B02B0BDE8704000F0CEBA002DCCBF33
:1065A0009FED8F0B9FED900BBDEC068B02B070BD85
:1065B0008F48A04215DD8F48A042D8BF4FF0FF346E
:1065C00058DD9DED060B51EC100BFFF7F5FD04288F
:1065D00008BF00F0D5FA9DED060BBDEC068B02B0AE
:1065E00070BD9DED060B51EC100B01F0E3F9CDE908
:1065F000060181489FED828BA0423CDD8248A0428B
:106600001FDD00249FED82AB9DED060B53EC1A2B92
:1066100051EC100B02F05CFE9DED060B41EC190BEA
:1066200053EC1A2B51EC100B03F0AEF853EC182B73
:1066300003F080FA53EC192B02F0FEFECDE90601BF
:1066400049E09DED060B012453EC182B51EC100B87
:1066500002F03EFE9DED060B41EC190B53EC182B9E
:1066600051EC100B03F066FA53EC192B02F0E4FE28
:10667000CDE906012FE06848A0421FDD02249FED0E
:10668000689B9DED060B53EC192B51EC100B03F09E
:106690007BF853EC182B02F01BFE9DED060B41EC32
:1066A000180B53EC192B51EC100B03F043FA53EC7D
:1066B000182B02F0C1FECDE906010CE09DED060BA2
:1066C000032453EC102B9FED580B51EC100B02F0F0
:1066D000B3FECDE906019DED060B53EC102B51ECFA
:1066E000100B03F051F841EC180B53EC182B03F08E
:1066F0004BF841EC190B4E480621B0EE490AF0EE7A
:10670000690A784400F09CF953EC182B51EC100BFB
:1067100003F03AF841EC180B4648B0EE490AF0EEA7
:10672000690A0521784400F08BF953EC192B51ECE0
:10673000100B03F029F841EC100B51EC180B53EC43
:10674000102B002C0EDA02F0C3FD9DED061B53EC5E
:10675000112B03F019F89DED061B53EC112B03F0E0
:1067600011F935E002F0B4FD9DED061B53EC112B41
:1067700003F00AF841EC100B2F48784400EBC400FA
:1067800090ED001B51EC100B53EC112B03F0D2F9E0
:106790009DED061B53EC112B03F0CCF941EC100BD3
:1067A0002648784400EBC40090ED001B51EC100B20
:1067B00053EC112B03F0E6F841EC100B002DA2BFB7
:1067C000BDEC068B02B070BD51EC100B02F042FD27
:1067D00041EC100B01E70000000010440000F07FC6
:1067E000182D4454FB21F93F182D4454FB21F9BFC7
:1067F0000000DC3F0000203E0000F33F00000000EE
:10680000000000000000F03F0000E63F0000000034
:106810000000000000000040008003400000000075
:10682000000000000000F83F000000000000F0BF82
:106830007A44000030440000BA4300007243000074
:1068400070B56F4E2DED040B2DED048B82B0DDF88D
:1068500024C0DDE907235C422CF000411C4341EADF
:10686000D474069D22F00040B44205D86C422C43FB
:1068700040EAD474B4420BD99DED081B9DED060B84
:1068800002B0BDEC048B04B0BDE8704000F05EB90E
:10689000ACF14054A4F17F641C430BD0022404EA01
:1068A000AC7444EAD27405439FED578B9FED582B8F
:1068B00007D015E09DED060B51EC100B00F0C0F970
:1068C00042E0002C11BF012C9DED060B02B0BDEC87
:1068D000048B04BF04B070BD022C38D0032C3BD015
:1068E0000B439FED4D1B9FED4E0B0AD0B14218D1CB
:1068F000B04209D121F0804120F0804009910790F9
:106900000FE0002A15DA10E0474B7B44002C08BF4B
:1069100093ED000B0DD0012C10D0022C17D0032CBE
:106920001AD0B0421DD1002A03DAB0EE410AF0EECF
:10693000610A02B0BDEC048B04B070BD93ED000B96
:1069400051EC100B02F086FC41EC100BF1E7B0EEBD
:10695000480AF0EE680AECE7B0EE420AF0EE620A8E
:10696000E7E7401A00159FED329B3C28C8BF8DED2C
:10697000000B17DCBCF1000FBCBF10F13C0F8DED1C
:10698000009B0FDB9DED080B53EC102B9DED060BD0
:1069900051EC100B02F050FD01F00CF800F050F932
:1069A000CDE90001B4B1012C10D0022C9FED220BD7
:1069B00053EC102B9DED000B51EC100B19D003F094
:1069C000B9F853EC182B03F0B5F8BDE7019880F047
:1069D000004001909DED000B53EC192B51EC100B76
:1069E00002F082FE04BF0220F9F766FE9DED000B67
:1069F0009FE703F09FF853EC182B02F0C3FFA3E7C7
:106A00000000F07F00000000182D4454FB210940D5
:106A1000182D4454FB2109C0182D4454FB21F9BF03
:106A2000182D4454FB21F93FA24200000000000051
:106A30000000000000000000075C143326A6A13C03
:106A400070B504462DED028B4D1E00EBC500B0EE77
:106A5000408AF0EE608A90ED000B35F0060017D00A
:106A600053EC182B51EC100B02F08EFE41EC100B86
:106A70006D1E04EBC50090ED001B51EC100B53ECA8
:106A8000112B02F025FC41EC100B35F00600E7D18C
:106A9000022D36D0042D1CD0062D1CBFBDEC028B60
:106AA00070BD53EC182B51EC100B02F06DFE94ED01
:106AB0000A1B53EC112B02F00BFC53EC182B02F0C9
:106AC00063FE94ED081B53EC112B02F001FC41EC2A
:106AD000100B53EC182B51EC100B02F055FE94EDFB
:106AE000061B53EC112B02F0F3FB53EC182B02F0B6
:106AF0004BFE94ED040B53EC102B02F0E9FB41EC40
:106B0000100B53EC182B51EC100B02F03DFE94EDE2
:106B1000021B53EC112B02F0DBFB53EC182B02F0A1
:106B200033FE94ED001B53EC112B02F0D1FBBDECB6
:106B3000028B41EC100B70BD10B553EC102B51ECD7
:106B4000100B02F0C5FB41EC100B10BD10B553EC5F
:106B5000112B51EC100B02F0BBFB41EC100B10BDE4
:106B60009FED050B10B553EC102B51EC100B02F000
:106B700063FC41EC100B10BD0000000000000000A1
:106B80009FED050B10B553EC102B51EC100B02F0E0
:106B9000FBFD41EC100B10BD0000000000000010D8
:106BA00030380A2801D201207047002070470000C9
:106BB000FEB506460D460024684600F007FF002299
:106BC0009FED1B1A6B46012156F8227055F82200E2
:106BD000381A00D5404200EE100A03EB8200B8EEEE
:106BE000C00AD0ED000A20EE010AF5EEC00AF1EE6F
:106BF00010FA0DD0C0EE201AB7EE000A0D4F31EE9C
:106C0000C00AB0EEC00A10EE100AB84207DC09E074
:106C100010EE100A084F3844084FB84202D301FA68
:106C200002F00443521C032ACEDB2046FEBD0000C6
:106C300000008037295C0F3E666666C19A99D900CC
:106C400010B541EC100BFFF78FFC51EC100B10BD91
:106C500070B5002401255B1E05EB531308E000BF4F
:106C600051F8245052F82460354040F82450641CF8
:106C7000A342F5D870BD10B501F01F040123A34055
:106C80004C0950F824100AB1194300E0994340F828
:106C9000241010BD521E52099200121DF9F710BCAB
:106CA0004A0901F01F0150F82200C84000F001001D
:106CB0007047000070B5002401255B1E05EB5313DF
:106CC00008E000BF51F8245052F82460354340F8E2
:106CD0002450641CA342F5D870BD0000134801780D
:106CE00029B980ED010A0121017000218160D0EDF8
:106CF000010A0F4A70EE600A10EE901A914202DD0E
:106D00008168491E06E010EE901A0A4A914202D9A3
:106D10008168491C816080ED010AD0ED020A9FED77
:106D2000061AF8EEE00A00EE810A70478808002093
:106D300000009643000096C30000B44308B560B15C
:106D400020208DF8000028208DF8010030208DF8DB
:106D5000020038208DF8030004E0A32204216846D5
:106D6000F9F751FC6A46042140F69E2001F09CFF91
:106D700001F05AFC08BD00003EB5044602208DF823
:106D80000000CA208DF80100E3208DF802000920E0
:106D90008DF803006A460421682001F085FFA320D6
:106DA0008DF80000610609D5C0218DF80110C821B9
:106DB0008DF80210C2218DF8031005E08DF8010056
:106DC0008DF802008DF8030014F4C07F09D0C421AF
:106DD0008DF80410CC218DF80510C6218DF8061011
:106DE00005E08DF804008DF805008DF806008DF89B
:106DF00008008DF807008DF809006A460A2140F660
:106E0000A72001F051FFA0074FF0D80503D02020A4
:106E10008DF8000001E08DF800506A46012140F62F
:106E2000B62001F041FFA00601D5012000E00020BE
:106E300000F08EF814F4C07F1ED0E0050AD5B22011
:106E40008DF800008B208DF80100B6208DF802002F
:106E50009B2009E0B0208DF8000080208DF8010013
:106E6000B4208DF8020090208DF803006A460421BA
:106E700040F6A22001F018FFE1074FF40B6022D08A
:106E8000F8218DF800106A46012101F00DFFFA216A
:106E9000072000F04BFB072000F016FB012000F05C
:106EA00033FB642000F0F2FB4FF4FA7000F0FEFBBD
:106EB000C821254800F0D0FA282000F0E5FA0A2081
:106EC00000F0F2FA05E08DF800506A46012101F069
:106ED000EBFEA00703D5D9208DF8000001E08DF866
:106EE00000506A46012140F23D7001F0DDFE60076E
:106EF00001D5012000E0002000F048F8E00601D5AF
:106F0000012000E00020FFF719FF104D44F00800B9
:106F1000688101F089FB0020A873600601D5062076
:106F2000A87314F4C07F02D0A87B801DA87314F04E
:106F3000140F02D0A87B1030A873A00702D0A87B42
:106F4000001DA87300203EBD09E3CA02440C0020C6
:106F50000EB54FF4976310B106A107C901E008A26E
:106F600007CA8DE807006A460921184601F09CFE11
:106F70000EBD0000B8AAB38DB4980D355D000000B9
:106F8000B8AAAAAAB088C3C5C700000008B560B1F6
:106F9000C0208DF80000C2208DF80100C4208DF8BB
:106FA0000200C6208DF8030004E08B22042168460D
:106FB000F9F729FB6A46042140F6982001F074FE97
:106FC00001F032FB08BD0000C8234FF48062024983
:106FD00040F6F63001F00ABA789E00082DE9FF4F1E
:106FE00089B01746DDE916520024554E8846814681
:106FF0002C80A246B07B694601F0A4FA4FF0FF3B1B
:1070000018B158460DB0BDE8F08F708910F0140F1C
:107010004ED0BDF800109DF8022049BA090441EA9B
:1070200002229DF803100A433A60BDF804109DF84F
:10703000063049BA090441EA03219DF807301214C9
:1070400019437960BDF808309DF80A405BBA1B040B
:1070500043EA04239DF80B4009142343BB60BDF8A9
:107060000C409DF80EC064BA240444EA0C2C9DF830
:107070000F404CEA040C1024C7F80CC01B144FEA54
:107080002C4712FB02F211FB012113FB03F217FB49
:1070900007221144A1F17061B1F1007F04D901F020
:1070A000C3FAA5F800A0ACE7298841F480712980D3
:1070B0004206694611D50A19A41D13885BBAA8F8BF
:1070C000003053885BBAA8F80230928852BAA8F808
:1070D00004202A8842F008022A8010F4C07F11D0D0
:1070E0000A19A41D13885BBAA9F8003053885BBA4B
:1070F000A9F80230928852BAA9F804202A8842F0EE
:1071000070022A80800716D00C44E07800F0C00599
:1071100000F03F016078C00706D0C80801F0070101
:107120003268491C02B190476078000703D5716846
:1071300009B1A80988470C9800F0E8FE002061E733
:10714000440C00202DE9FF41044603A801F030F86B
:10715000BDF80C00410CC3032F48008900F0030266
:1071600054F82250420700D56D42C0F3C102860692
:1071700054F8222000D55242C0F38116C00554F8BD
:10718000264000D56442A5FB0367E81700FB0370A7
:1071900005FB0100850045EA9670A2FB0367D51741
:1071A00005FB037502FB0152950045EA9672A4FBAC
:1071B0000367E51705FB037304FB01318B0043EA0A
:1071C0009671030E8DF80030030C8DF80130030A20
:1071D0008DF802308DF80300100E8DF80400100CAD
:1071E0008DF80500100A8DF80600080E8DF80800CD
:1071F000080C8DF80900080A8DF80A008DF80720A0
:107200008DF80B106A460C214FF4257001F04CFDEF
:1072100004B0BDE8F0810000440C002030B5044605
:1072200013A285B007CA8DE807004FF0FF35C82CC0
:1072300016D8C820B0FBF4F1491E080A8DF80C00DE
:107240008DF80D1003AA022140F2162001F02CFD4A
:1072500030B96A460C2140F6C12001F025FD10B17D
:10726000284605B030BD054884810020F9E70000BC
:10727000FEF2ABC4AAF1DFDFBBAFDFDF440C0020BE
:10728000F8B53049098901F0030250F822404A0755
:1072900000D56442C1F3C1028B0650F8222000D50C
:1072A0005242C1F3811350F82330C80500D55B4228
:1072B000254984FB0140850045EA947082FB014228
:1072C000A40F44EA820483FB0121950F45EA81055E
:1072D000010E8DF80010010C8DF80110010A8DF8D7
:1072E00002108DF803006A4604214FF4747001F017
:1072F000DBFC4FF0FF3688B9200E8DF80000200C23
:107300008DF80100200A8DF802008DF803406A46CE
:1073100004214FF4757001F0C7FC08B13046F8BD88
:10732000280E8DF80000280C8DF80100280A8DF831
:1073300002008DF803506A4604214FF4767001F084
:10734000B3FCF8BD440C002009E3CA022DE9FF415B
:1073500004463CA004F00303006802903AA00068D1
:1073600003903AA006683AA0056802A8C15C8DF8AF
:107370000010C4F3C101425C8DF80120C4F38112F6
:10738000805C8DF8020003A8C35C8DF80430415C7A
:107390008DF80510805C8DF806006A46032140F2E6
:1073A000264001F081FC4FF0FF37E0BB01AA03212A
:1073B00040F22A4001F078FCA8BBCDE900656007E7
:1073C0000BD59DF8000040F001008DF800009DF8FD
:1073D000040040F001008DF80400A0060BD59DF8D4
:1073E000010040F001008DF801009DF8050040F01B
:1073F00001008DF80500E0050BD59DF8020040F076
:1074000001008DF802009DF8060040F001008DF8A3
:1074100006006A4603214FF4886001F045FC10B96C
:1074200001AA032100E004E040F2314001F03CFCFD
:1074300018B1384604B0BDE8F08106480481002048
:10744000F8E700004CCD6C000CC92C0036567600D5
:1074500026466600440C00204FF47A7290FBF2F04E
:1074600008B54843010E8DF80010010C8DF801108D
:10747000010A8DF802108DF803006A4604214FF4CA
:10748000AE7001F011FC08BD0521B0FBF1F008B5AC
:10749000010A8DF800108DF801006A4602214FF4B0
:1074A000AD7001F001FC08BD0521B0FBF1F008B59D
:1074B000010A8DF800108DF801006A4602214FF490
:1074C000AC7001F0F1FB08BD08B500218DF800108B
:1074D000C10702D030218DF80010810705D59DF835
:1074E000001041F00C018DF80010400705D59DF803
:1074F000000040F003008DF800006A4601214FF4BF
:10750000A47001F0D1FB08BD08B560B1042800D912
:107510000420401E8DF800006A46012140F24F1001
:1075200001F0C2FB08BD0120F3E7000070B504467E
:107530002DED028B82B040074FF0FF357ED0B1F5C4
:10754000C86F7BD800EE101AB8EE400ADFED460A8D
:1075500001A880EE208A00F00DFE9DF804000228AC
:1075600006D0042810D0082835D0102874D13EE069
:107570009FED3E0A28EE000ABCEEC00A10EE100A8B
:107580009FED3B0A82B20AE09FED3A0A28EE000A1C
:10759000BCEEC00A10EE100A9FED370A82B228EE48
:1075A000000A6E46BCEEC00A10EE100A81B2100A44
:1075B0008DF800008DF80120080A8DF802008DF882
:1075C0000310E00726D0324602214FF4EA7001F0A2
:1075D0006BFB98BB17E09FED290A28EE000ABCEE72
:1075E000C00A10EE100A9FED260A82B2D7E79FED7F
:1075F000250A28EE000ABCEEC00A10EE100A9FED24
:10760000220A82B2CBE7B21C02214FF4927001F041
:107610004BFB98B9A0070DD56A4602214FF4EC70D8
:1076200001F042FB50B9B21C02214FF4947001F0FA
:107630003BFB18B9600714D56A4600E00CE0022154
:107640004FF4EE7001F030FB30B9B21C02214FF460
:10765000967001F029FB20B1284602B0BDEC028BE8
:1076600070BD0020F9E7000000004843000080469C
:1076700000004046000000460000C0450000804574
:1076800000004045000000450000C0440521B0FB5B
:10769000F1F008B5010A8DF800108DF801006A4676
:1076A00002214FF4EF7001F0FFFA08BD0521B0FB95
:1076B000F1F008B5010A8DF800108DF801006A4656
:1076C00002214FF4ED7001F0EFFA08BD2DE9F0470B
:1076D0000E4CDDE908659A461746884681469DB1FD
:1076E00096B134212046F8F7B8FFC4F80090A4F80A
:1076F0000480A760A4F80CA0C4E90656002084F812
:1077000030000120BDE8F0870020FBE7100C0020CE
:107710002DE9FC418046002000906E46144C054641
:1077200001900CE02068C5EBC50100EB8100E16928
:107730008847024629463046FFF79DFA6D1CA0880F
:10774000A842EFDC87B2256909E0E169281D884776
:10775000024639463046FFF78EFA2D687F1C002D11
:10776000F3D14146684600F073F8BDE8FC810000A3
:10777000100C00202DE9F041884606461F461946A8
:107780001046069DFFF78CFAC4B239464046FFF713
:1077900087FAC1B22B4622463046BDE8F04101F0DF
:1077A0006BBB00002DE9FC47824600201C46894641
:1077B00001231546DDF828803F21009002464FF056
:1077C00055364FF0333703EB5113019017E000BFEC
:1077D00054F8201091B106EA510CA1EB0C0101F014
:1077E000333C07EA9101614401EB111101F00F31C3
:1077F00001EB014101EB012102EB1162401C8342CC
:10780000E6D8002A1ED04023224629466846FFF7C4
:107810001FFA402221466846FFF73CFAA0B1002536
:107820004023224649466846FFF712FA4022214685
:107830006846FFF72FFA48B1002143462A465046D2
:1078400001F01AFBBDE8FC870125E9E70121F4E717
:107850002DE9FC5F534C83460E4694F8300010F03F
:10786000010746D004F1280081460821F8F7F5FE0B
:107870000025A8461DE000BFCDF80080CDF80480AB
:10788000A06805EBC50100EB81008246024640235B
:1078900059466846FFF7DCF9402251466846FFF733
:1078A000F9F928B94946402352460846FFF702FA3B
:1078B0006D1CA089A842DFDC656918E0281D82469E
:1078C0000246CDF80080402359466846CDF8048032
:1078D000FFF7BEF9402251466846FFF7DBF928B9A9
:1078E0004946402352460846FFF7E4F92D68002D2B
:1078F000E4D1002504F1200904F1280A11E027B1A0
:1079000029465046FFF7CCF950B900962068C5EBE0
:10791000C50100EB81002B465A464946FFF72AFF76
:107920006D1CA088A842EADC80B225690FE027B16F
:1079300041465046FFF7B4F930B943465A464946E6
:10794000281D0096FFF716FF2D6808F101008046FC
:10795000002DECD108270DE00096A06805EBC501CD
:1079600000EB810307EB810108445A464946FFF7C3
:1079700019FF6D1CA089A842EEDC646908E0231D94
:107980005A46494604F10C000096FFF70BFF2468A5
:10799000002CF4D102B048465946BDE8F05F0822F9
:1079A000F8F7FFBD100C0020014981F83000704746
:1079B000100C002082B0CDE9000121F000400190C0
:1079C0009DED000B02B051EC100B70471FB5044643
:1079D000274802AB042240680D210078FDF73EF9EC
:1079E00010B1072004B010BD9DF808101C2000EA5B
:1079F000D1029DF80B10DFED1F0AC1F301131A43EA
:107A00008DF800209DF80920C1F3810300EAD2021D
:107A10001A438DF801209DF80A2001F0030100EAC5
:107A2000D20008439FED141A9FED140A8DF802004E
:107A300000216A46505C002804EB810002D080EDF2
:107A4000001A09E0C0ED000A0CE000BFD0ED001AFA
:107A500061EE801AC0ED001A535C5B1E13F0FF0349
:107A60005354F3D1491CC9B20329E3D30020B9E729
:107A700030080020000000007B14AE3E1D5A843FF9
:107A80002DE9FE4F05460120C14E8DF800004FF054
:107A900000088DF8018030680C461746817C7068BC
:107AA0006B4602220078FDF766F94FF0FF3A002896
:107AB0007AD1C820FAF7E0FD8DF8008030686B4677
:107AC0000122C17B70680078FDF755F90028EFD1DD
:107AD00030686B460122417970680078FDF74BF9F8
:107AE0000028E5D130686B460122817C70680078FF
:107AF000FDF741F90028DBD130686B460122C17DDA
:107B000070680078FDF737F90028D1D130686B46EE
:107B10000122017970680078FDF72DF90028C7D19E
:107B20004FF00C098DF8009030686B460122017906
:107B300070680078FDF71FF9002835D10F20FAF79B
:107B40009BFDB06A6B460122407A8DF800003068D8
:107B5000817870680078FDF70EF9002824D1B06AAA
:107B60006B460122007A8DF8000030684178706819
:107B70000078FDF700F9002873D1B06A807A0FB160
:107B800040F0E0008DF8000030686B4601228179FA
:107B900070680078FDF7EFF8002862D12FB1B06A65
:107BA000C07A40F0E00001E04AE018208DF80000C3
:107BB00030686B460122C17970680078FDF7DBF808
:107BC000F0BB17B1C820FAF757FD40208DF8000030
:107BD00030686B460122017970680078FDF7CBF8B8
:107BE00070BB78208DF8000030686B460122417927
:107BF00070680078FDF7BFF810BB3220FAF73CFD43
:107C00008DF80080306847466B46417970680122E4
:107C10000078FDF7B0F898B931687068B046897A95
:107C200000786B460222FDF719F848B9BDF800004C
:107C3000AF6040BAB0FBF9F06F60C6B22F6000E0F1
:107C40000FE0A76067602760002739E0D8F80010D0
:107C5000D8F804006B46C97A00780C22FCF7FEFFC6
:107C600010B15046BDE8FE8FBDF80000236840BA51
:107C700000B2BDF80210BDF804201844206049BAD3
:107C8000606809B20844606052BAA06812B2104439
:107C9000A060BDF806002B6840BA01B2BDF808002C
:107CA000BDF80A201944296040BA696800B2084446
:107CB000686052BAA86812B210447F1CFFB2A86074
:107CC000B742C3D328688322C117090441EA10418F
:107CD00000040023F8F7B5FB32460023F8F7B1FBA8
:107CE000286068688322C117090441EA1041000432
:107CF0000023F8F7A6FB32460023F8F7A2FB6860E2
:107D0000A8688322C117090441EA10410004002336
:107D1000F8F797FB32460023F8F793FBA86020683A
:107D20004FF40065C117090441EA104100042A46D6
:107D30000023F8F786FB32460023F8F782FB206029
:107D400060682A46C117090441EA10410004002373
:107D5000F8F777FB32460023F8F773FB6060A06802
:107D60002A46C117090441EA104100040023F8F72C
:107D700068FB32460023F8F764FBA060002802DDB0
:107D8000A0F5803001E000F58030A060002069E7B8
:107D900030080020F8B506462E480D4600244068FD
:107DA0006B46032200780D21FCF758FF08B107202D
:107DB000F8BD9DF80000002200F01F008DF80000C3
:107DC0009DF801009FED241A00F01F008DF80100BE
:107DD0009DF802006B4600F01F008DF802000121A3
:107DE00056F8220055F82270C01B00D5404200EE24
:107DF000100A985CB8EEC00A60EE010AD0B1B3EE8A
:107E0000090ADFED161A01E020EE210AC0B2401E79
:107E100010F0FF009854F7D1C0EE801AB7EE000AB8
:107E20000F4F31EEC00AB0EEC00A10EE100AB84291
:107E300007DC09E010EE900A0A4F3844B0F1D97F10
:107E400002D901FA02F00443521C032AC8DB20467F
:107E5000F8BD0000300800200000803754E3853F63
:107E6000295C0F3E0000E0BE00B5024600F00DF8B0
:107E70000346D01C00F009F843EAC003901D00F04F
:107E800004F843EA801080B200BD90F90010002988
:107E900002DD4FF00000704702DA4FF00400704737
:107EA00090F90110002902DD4FF00100704702DA5D
:107EB0004FF00500704790F90200002802DD4FF0F6
:107EC0000200704702DA4FF0060070474FF00700DB
:107ED0007047FAF7C5FFFDF717FDFCF78BFFFCF7BE
:107EE00073FFFDF74FF9FDF703F8FDF741F8FDF7D4
:107EF0001FF8FDF7DBF8FDF70FF9FDF7A5F8FDF723
:107F00005DF9FDF7D7FCFDF7DFFCFCE770470000EB
:107F10002DE9F041124C20F00101002594F82400D5
:107F200010B10020BDE8F081A07A4FF0FF3668B1B3
:107F30000840277C2074884200D0354641B101209A
:107F400001F0F8F800F070FB38B127743046E9E72B
:107F5000207D00B1012001F0EDF82846E2E70000A5
:107F60003008002070B50D462DED0C8B8EB0064606
:107F70000CA902A81446F7EE00BACDE900010BAB3C
:107F800003AA09A907A8FFF729F820B101200EB01C
:107F9000BDEC0C8B70BDBDF80800C0057ED59DED15
:107FA000030AF8EEC00A9FED450AB0EE00CA60EE83
:107FB000809ADDED040AF8EEE00A69EE8CCA20EE44
:107FC000808ADDED050AF8EEE00A60EE808ADDEDDC
:107FD000060AF8EEE00A20EE809AB8EE000A28EED3
:107FE00000BA2BEE090A0CEEA80A10EE100A01F0F6
:107FF0008BFE41EC100BFEF707F99FED31AB51EC16
:10800000100B53EC1A2B01F0BFFB01F02FF92BEEF4
:10801000080A28EE8CDA30600DEE680A30EE2B0A82
:1080200010EE100A01F070FE2DEE090A41EC1B0B58
:108030000CEE880A10EE100A01F066FE41EC100BFF
:10804000B0EE4B1AF0EE6B1AFEF7FAFB53EC1A2B5C
:1080500051EC100B01F098FB01F008F929EEA90A88
:10806000286008EE080A08EEE80A09EE490A10EE50
:10807000100A01F049FE28EE280A41EC1B0B09EE1C
:10808000890A20EE0C0A10EE100A01F03DFE41ECC8
:10809000100BB0EE4B1AF0EE6B1A00E00CE0FEF79E
:1080A000CFFB53EC1A2B51EC100B01F06DFB01F0E0
:1080B000DDF8206000206AE7022068E700008030D9
:1080C0006666666666A64C400EB5FCF7BFFB00F020
:1080D000FBF808B10A200EBD684601A902AAFCF708
:1080E0001DFD6846FFF7CCF8782000F081FD10F008
:1080F000FF0F01D001200EBD7820FFF709FF10F01F
:10810000FF0F01D002200EBD642000F031FD10F001
:10811000FF0F01D003200EBDFEF756FF10F0FF0F3A
:1081200001D004200EBD1248FFF79EFEFFF70EF9A6
:1081300010F0FF0F01D005200EBD40F27310FEF7C6
:108140001BFE10F0FF0F01D006200EBD6420FFF7CC
:1081500065F810F0FF0F01D007200EBD00F0A6FF5C
:10816000012000F02BFC10F0FF00F6D009200EBD1E
:108170005C0800200D494A7A42B1012A08D0022A3F
:108180000FD0032A0FD04FF0FF307047022200E0DB
:1081900004220270C97C11B11106C90D01700020C2
:1081A00070470822F5E71022F3E7000030080020AE
:1081B0000F494A7A42B1012A09D0022A11D0032A72
:1081C00012D04FF0FF3070474FF4804201E041F68B
:1081D0009C720280C97C11B1C2F34E010180002063
:1081E00070474FF48052F4E74FF40062F1E700006B
:1081F000300800200B49097A39B1012907D002293A
:108200000AD003290BD0002103E0FA2101E04FF44A
:10821000FA710180002070474FF47A71F9E74FF44A
:10822000FA61F6E7300800200D49097A41B10129C9
:1082300009D002290DD003290ED04FF0FF3070472E
:108240009FED080A01E09FED080A80ED000A00207A
:1082500070479FED060AF8E79FED050AF5E7000075
:108260003008002000000343000083423333034200
:10827000333383410C49C97A072913D2DFE801F06F
:108280001204060A0C0E1000BC2100E062210180DD
:10829000002070472A21FAE71421F8E70A21F6E7BF
:1082A0000521F4E70021F2E730080020054991F8A4
:1082B000242012B14FF0FF307047C989018000209F
:1082C00070470000300800202DE9FC41464C80201A
:1082D0008DF8000020686B460122817C6068007880
:1082E000FCF749FD4FF0FF37002875D16420FAF7FD
:1082F000C3F900258DF8005020686B460122817C6F
:1083000060680078FCF737FD002865D120686B466F
:108310000622817D60680078FCF7A0FC00285BD114
:108320009DF805009DF80310C007400F01F0010102
:1083300040EA41009DF801104FF0010601F00101F3
:10834000084304D0012831D0022810D044E020682E
:108350006B460122C17860680078FCF77FFCD8BBCF
:108360009DF8000010F00F0036D004281ED0E574F0
:10837000FF2004F80A0F4FF6FF7104F8020C04F80E
:10838000010C6070A180A0712072A67026766576BF
:10839000E572A572E56025616561A576E576A58340
:1083A0004FF4FA6000F046FBB0B901E0E674DFE795
:1083B000022000F061FA78B92A2000F0A3FB58B936
:1083C000322000F0D5FB38B90020FFF7A1FD18B925
:1083D000002000F085FA10B13846BDE8FC8100208D
:1083E00000F006FC0020F8E7300800202DE9FF4FE0
:1083F000DFF89480064685B098F8250015460F46AC
:108400004FF0FF39B0BBAFB3002420E0301B102881
:1084100000DD102080B283463A190146924620467C
:1084200000F042FC30BB6A465946204600F0D2F8C4
:1084300000BB50465A466946F8F742F820B16FF043
:10844000010009B0BDE8F08F04EB0B0084B2B44228
:10845000DCD3280A8DF810008DF81150D8F80000F0
:10846000444604AB817ED8F8040002220078FCF771
:1084700082FC08B14846E4E7012084F8250008980A
:10848000E0840020DDE70000300800202DE9F843FB
:1084900005464FF0FF39282844D80727284C0026E6
:1084A0007DB1012000F0FCFA20208DF800004FF093
:1084B0000108012D17D0052D18D88DF80180052051
:1084C0001FE0002000F0ECFA8DF800608DF80170DC
:1084D00020686B460222817C60680078FCF74BFCC8
:1084E00000BB267529E08DF80160E8E7142D04D85B
:1084F00002208DF801000A2003E003208DF801001E
:10850000142000F0FFFA9DF801006B4607EB801085
:108510008DF8010020680222817C60680078FCF7F9
:108520002AFC10B14846BDE8F8830820A0722673E3
:1085300084F814800020FFF7EBFC0020F3E7000034
:10854000300800202DE9F843214C0646174694F8E0
:10855000240089464FF0FF3890B3A07A80B320689A
:108560006B460222817A60680078FCF777FB38BBA3
:10857000BDF8000045BAB54202D2002038701FE0B5
:1085800060684188B5EB510F11D9216800786B46BE
:10859000497C0122FCF762FB90B99DF80000C006FF
:1085A00005D500F041F86FF00100BDE8F8832068C0
:1085B000F2B24B46C17A60680078FCF74FFB08B115
:1085C0004046F2E7B5FBF6F0401E38700020ECE7BD
:1085D00030080020F8B516000D464FF0FF371FD0C9
:1085E000104CA17AE1B1010A8DF80010C0B28DF8EB
:1085F0000100411960684289914211D821680078D0
:108600006B46097E0222FCF7B6FB48B92068EAB245
:108610003346417D60680078FCF720FB002800D0DD
:108620003846F8BD30080020F8B5564C4FF0FF36FC
:10863000A07A00287DD000258DF8005020686B4678
:108640000122C17B60680078FCF795FB002870D19F
:1086500020686B460122417960680078FCF78BFB4B
:10866000002866D120686B46012201796068007895
:10867000FCF781FB00285CD194F82400E0B30C20C7
:108680008DF8000020686B4601220179606800784F
:10869000FCF771FB002872D13220F9F7EDFFC02002
:1086A0008DF80000A07AC00702D0E0208DF800000D
:1086B00020686B460122017960680078FCF75BFB5B
:1086C00000285CD1607C18B102208DF8000001E028
:1086D0008DF8005020686B460122C17B60680078ED
:1086E000FCF749FB28BB8DF8005020686B4601223F
:1086F0004179606800783EE0FFE704208DF80000D3
:1087000020686B460122017960680078FCF733FB32
:1087100078B9A07C90B9A07AC0070FD05FF0600054
:108720008DF8000020686B460122017960680078AE
:1087300000E024E0FCF71FFB08BB01E04020EFE76E
:108740003220F9F799FF607C18B101208DF8000004
:1087500001E08DF8005020686B460122C17B606803
:108760000078FCF708FB50B92068064B01224179DC
:10877000606810330078FCF7FEFA002800D030461D
:10878000F8BD0000300800202DE9F047394C824642
:108790008AB094F824000F4620B1002000F00EF9B2
:1087A000012600E0002607A8FFF724FD06A8FFF732
:1087B000E1FC09A8FFF75EFD08A8FFF777FD94F834
:1087C0000A9094F810800025002239465046FFF7A1
:1087D00057F910B16D1C022DF6DB022D1AD00025C1
:1087E000012203A96846FFF74BF910B16D1C022D59
:1087F000F6DB022D0ED003A93846FEF7D9F9C7B231
:1088000069465046FFF7C6FA10F0FF0F4FF000051B
:1088100002D002E0002503E001250FB945F0020572
:10882000FF2020726072E0724FF6FF71E181A0724A
:10883000207401202073BDF81C0000F0FBF89DF8A7
:10884000180000F019F8BDF8240000F05BF9BDF83D
:10885000200000F08DF9484600F0CAF94046FFF7C5
:1088600057FB16B1012000F0A9F80AB02846BDE870
:10887000F08700003008002038B5184C4FF0FF3565
:10888000A17A19B3022806D0042806D008280ED0F1
:1088900010281BD10DE0002000E008208DF800001A
:1088A000607A9DF80010B0EBD10F04D005E01020E5
:1088B000F4E71820F2E7002038BD20686B4601225B
:1088C000C17960680078FCF756FA08B1284638BDCF
:1088D0009DF80000C0086072EDE70000300800203D
:1088E000F8B5354C0546A07CA84201D10020F8BD62
:1088F00031484FF0FF366B46D0E900104FF00102CF
:108900000979007835B3FCF7A9F970BB9DF8000030
:108910006B4620F020008DF80000206801220179CC
:1089200060680078FCF727FAF8B90320F9F7A4FE8D
:1089300002208DF8000094F8220078B382202BE00A
:1089400020686B460122017D60680078FCF713FA0D
:1089500058B92EE0FCF782F938B9A07AC0079DF823
:10896000000003D040F0200002E00CE020F02000E6
:108970008DF8000020686B4601220179606800785C
:10898000FCF7F9F908B13046F8BD0320F9F774FE99
:1089900094F8220000B180208DF8000094F82300A4
:1089A0000028CDD09DF8000040F030008DF8000088
:1089B000C6E7A5749AE700003008002038B51C4CC3
:1089C00094F8241081421DD0002500B394F82500AE
:1089D000D0B1002000F0AEFB0020FFF781FFE08C5B
:1089E00000F0C6F88DF8005060686B4601220078F0
:1089F0002321FCF7C0F9012084F8240000F09AFB41
:108A0000FFF712FE002038BD4FF0FF3038BD0020C8
:108A100000F090FB207C8DF8000060686B4601221E
:108A200000782321FCF7A7F984F82450E8E7000038
:108A30003008002038B5194C4FF0FF35A17A31B31A
:108A4000FA2809D0B0F5FA7F08D0B0F57A7F0FD0B8
:108A5000B0F5FA6F1BD10DE0002000E008208DF882
:108A60000000207A9DF80010B0EBD10F04D005E093
:108A70001020F4E71820F2E7002038BD20686B468C
:108A80000122817960680078FCF775F908B1284601
:108A900038BD9DF80000C0082072EDE730080020C6
:108AA00038B5174C054694F82300A84201D10020A0
:108AB00038BD0DB1302000E000208DF80000A07C12
:108AC00028B19DF8000040F002008DF8000094F8F5
:108AD000220028B19DF8000040F080008DF80000D1
:108AE00020686B460122017D60680078FCF743F93D
:108AF00010B14FF0FF3038BD84F82350D7E70000A5
:108B00003008002038B5194C4FF0FF35A17A31B349
:108B1000BC2801D3012010E0622801D302200CE020
:108B20002A2801D3032008E0142801D3042004E0FC
:108B30000A2801D3052000E006208DF80000E07A25
:108B40009DF80010884201D1002038BD20686B4696
:108B50000122817860680078FCF70DF908B1284699
:108B600038BD9DF80000E072EEE7000030080020FC
:108B7000F8B51E4D04464FF0FF37A87A48B395F874
:108B8000240030BB287D4FF47A7648B164B1282C9C
:108B900003D8E0B2FFF77AFC26E00020FFF776FC6E
:108BA000042C05D2042406E00020FFF76FFCF9E74F
:108BB000B44200D93446B6FBF4F0401E8DF80000F4
:108BC00028686B460122417868680078FCF7D3F882
:108BD00008B13846F8BD9DF80000401CB6FBF0F027
:108BE000E8814008FFF78EFF0020F8BD3008002024
:108BF000F8B5054610F0700F4FF0000601D00120C7
:108C000004E015B18DF8006002E040208DF800000E
:108C1000244C6B4601222068817C60680078FCF758
:108C2000AAF84FF0FF3760BB9DF8000020F040002D
:108C300020738DF80060680602D404208DF80000CF
:108C4000A80605D49DF8000040F002008DF8000051
:108C5000E80605D49DF8000040F001008DF8000002
:108C6000280705D49DF8000040F038008DF800007A
:108C700020686B460122C17C60680078FCF77BF8B5
:108C800010B1A6723846F8BD25B1082D02D00020DB
:108C9000FFF706FFA57226753220F9F7EDFC0020DC
:108CA000F8BD000030080020F8B516000D464FF062
:108CB000FF371FD0104CA17AE1B1010A8DF80010E6
:108CC000C0B28DF80100411960684289914211D803
:108CD000216800786B46097E0222FCF74CF848B9FF
:108CE0002068EAB23346417D60680078FCF743F8BB
:108CF000002800D03846F8BD3008002010B50088A4
:108D0000012805D101210348F9F7C0FD012800D051
:108D1000002010BD00000240C08A00290ED00129A9
:108D20000CD0012202290AD0032907D10848017872
:108D3000491CC9B20170052900D30270704701288F
:108D4000FCD1044804A102700648FDF71BBA0000DC
:108D500041090020C00800206B657920646F776EA0
:108D60000D0A0000200B002010B580ED040AD0EDA4
:108D7000030A044630EEC00A80ED070AD0ED0B0A64
:108D800070EE800AC0ED0B0A90ED001A61EE001A39
:108D9000C0ED0C1A90ED011A21EE201A80ED0D1A8B
:108DA000D0ED080A94ED022A31EE811A70EE600AC5
:108DB00060EE820AC4ED0E0A71EE200AC4ED050AC7
:108DC00084ED080A00F02CF894ED050A10BDB4EE0D
:108DD000E00AF1EE10FA02D2B0EE600A7047B4EE8B
:108DE000C10AF1EE10FAF9DDB0EE410A7047000059
:108DF00080ED062A80EC040A9FED080A80ED0B0A3C
:108E000080ED080A80ED090A80ED050A80ED0C0A64
:108E100080ED0D0A80ED0E0A704700000000000092
:108E2000D0ED050A90ED060AF4EEC00AF1EE10FA54
:108E300006DCB1EE400AF4EEC00AF1EE10FA01D2FF
:108E400080ED050A704700009FED080A80ED0B0ACF
:108E500080ED080A80ED090A80ED050A80ED0C0A14
:108E600080ED0D0A80ED0E0A704700000000000042
:108E700080ED030A704700002DE9F0410446806947
:108E80004F4E1D4600282FD000278A4206D0A560ED
:108E9000F2B3A17841F00201A17000E0C2B3A17861
:108EA000C9072FD1A1680288691A91421CDBE18AA7
:108EB00061B121690089691A814207DBE0784007C6
:108EC00003D5B269022120469047E782E560A78278
:108ED000A07840F00100A070E078C00703D0B2692C
:108EE0000021204690476560BDE8F0810844E060BD
:108EF000A08A401CA082E078000703D5B269032154
:108F000020469047A069408928B1E1686A1A00E0CC
:108F10000DE08242EADAE08A0028E5D0A1696068C3
:108F2000C988281A88423DDCDEE7E782DCE7A178C1
:108F3000CA0730D0A2684088AA1A8242D4DB21F046
:108F40000100A070E078800703D5B26901212046B6
:108F50009047A16960688A88281A904210DBCB8804
:108F600098420DDCE08A401C0004000CE082256180
:108F7000B9D089898842B6D1E078400706D403E0A9
:108F8000E18A09B19042F7DBE782ACE7B2690221DE
:108F900020469047F8E7E28A62B121690089691AA0
:108FA0008142A1DBE0784007BFD5B26902212046AB
:108FB0009047BAE7880797D521F00200A07093E7A1
:108FC000100C002000B5034600F060F8002808D01F
:108FD000012807D0D888410898884008814204D9E0
:108FE000081A00BDB3F9080000BDB3F90820401A03
:108FF000101A00BD10B50379002403F0010364F3D7
:1090000000038380837903F0010364F30003C380CA
:10901000016022F00301018110BD70B515460E46B6
:109020000446FFF7CFFFB4F90810081A0004000C3B
:109030002BD0A84200D20546E088A1EB500221685F
:10904000AA4201EB500007DD2A463146F7F764FAE1
:10905000E08805EB500114E03146F7F75DFAB4F90A
:109060000800E188A0EB51002A1A81192068F7F75F
:1090700053FAE088C14361F300002189A1EB50015C
:10908000691A61F34F00E080284670BD8188C0886E
:109090004A08B2EB500F07D1C907B1EBC07F01D12D
:1090A00000207047012070470220704700B589B04A
:1090B00002A905A8FFF768FB032802D0012009B028
:1090C00000BD6846FFF7B0F89DED050A05A8F8EE6B
:1090D000C00A9DED000A60EE800AFDEEE00ACDEDCB
:1090E000050ADDED060AF8EEE00A60EE800AFDEE04
:1090F000E00ACDED060ADDED070AF8EEE00A20EE03
:10910000800ABDEEC00A8DED070AFEF7B9F801A886
:10911000FFF74EF8BDF8040002994143029103990C
:10912000414303910499414302A80491FEF70AF8D0
:109130000020C4E7F8B5144C0146224694F8246098
:10914000D2E9000200235D1E56B179B1022111E07F
:10915000C17B10786B460122FBF70DFE68B90EE06B
:10916000A67A56B111B1617C61B902E08DF8003088
:10917000EEE701218DF80010EAE72846F8BD9DF8DA
:10918000000060740020F8BD3008002000B52DED0F
:10919000048B83B041EC190B00F000FC41EC180B80
:1091A00018EE100A18EE901A8DED008B002818BFEB
:1091B0000120084320F00040C0F17F6000F1E04052
:1091C000C00F14D019EE101A19EE900A8DED009B05
:1091D000002918BF0121084320F00040C0F17F6042
:1091E00000F1E040C00F04BF0120F7F765FA51EC31
:1091F000180B03B0BDEC048B00BD000010B50029B6
:109200000AD00878002807D005487844F8F782FA91
:10921000002801D0002010BD0248784410BD000095
:109220008A1A0000821A000010B500290AD00878B6
:10923000002807D005487844F8F76CFA002801D0D8
:10924000002010BD0248784410BD00007A1A0000CA
:10925000721A000081F00041704780F000407047B2
:1092600021F00041704720F00040704721F000429B
:10927000A2F16052B2F5801F01F0004328BFD2F185
:109280007F6C0BD95FEA001C43EAC20242EB5070CC
:1092900018BF704728BF20F001007047B2F5801F4B
:1092A000BCBF184670474FEA410C1CF5001F02D2A4
:1092B000084600F09FBD70B500F010FB000000896B
:1092C000FFF7F6BF4FF00040A0F5800070470000A8
:1092D00010B591EA030F48BF83F0004300F13284D8
:1092E000841A71EB030C05D2121943EB0C03001B1B
:1092F00061EB0C01DFF824E14FEA1154A4EB135C9D
:109300001EEA430F18BF9EEA445F73D023EA0E03A0
:10931000DCF1200E21EA045143F4801332D322FA07
:109320000CFE10EB0E0023FA0CFE41EB0E01CCF10B
:10933000200E03FA0EFE10EB0E0051F10001B1F504
:10934000801FCCF1200E32D201EB045112FA0EF242
:10935000BDE8104058BF7047401C38BF5FEA42026A
:1093600018BF7047002814BF20F0010041F1000130
:109370004FEA410313F5001F38BF7047A1F1C04108
:1093800000F0FABA012A43EB0302ACF1200CDCF145
:109390001F0E32BF4FF0000E23FA0CF310EB030048
:1093A00041EB0451B4EB115FD0D0A1EB045101F5B6
:1093B000801149085FEA300001EB04510ED350F1EF
:1093C000000038BF12FA0EFE08D1BDE81040C9E710
:1093D000401C38BF5FEA4202CAD1C3E7BDE8104073
:1093E0004FEA410313F5001F38BF7047A1F1C04198
:1093F00000F0C2BA9EEA445F08D011EA5E0FBDE8F1
:10940000104004BF01F0004100207047BDE810404B
:1094100070B500F063FA00BF64FBBE3E0000E0FFE1
:10942000491058BFC1F140415B1058BFC3F14043E0
:109430008B42EFF3008070472DE9C04130B4DFF874
:10944000A0C23CEA111418BF3CEA131400F0EC80EF
:1094500081EA03051CEA111444EAD57418BF1CEA1A
:10946000131500F0C780A4EB05044FF0004545EA52
:10947000C12145EAC32341EA505143EA525304F162
:109480007F74994204F500344FEAC0204FEAC222AB
:1094900008BF904200F09C804FEA13650FF240161F
:1094A000765D4FEA134506FB05F7C7F1807706FBAB
:1094B00007F74FEAD737A7FB03687642C8F580382D
:1094C000A7FB06CE38BFA8F1010807FB08E64FF05E
:1094D000000EA6FB028CE6FB03CEDCF1000CCEF105
:1094E000004E38BFAEF1010EA6FB0C584FF000073E
:1094F0004FF00005E6FB0E87A1FB08C6A0FB07CED8
:1095000016EB0E0645F10005E1FB076515F1E04E8F
:109510007EBFA4F580345FEA46066D4116F18007F0
:1095200045F100054FEA17274FEA066647EA056747
:10953000A6F1DE46B6F1805F4FEA15251FD9384601
:1095400024F0010C05EBC471BCF1FE6F01EB0C11B2
:1095500002D8F0BCBDE8008124425CBF01F5801E4A
:109560009EEAC47F02D4F0BCBDE80081244238D416
:10957000F0BCA1F1C041BDE8004100F0FDB94FEAE7
:10958000D22242EA43524FEAD323A7FB02864FEA94
:10959000D02040EA415007FB03661EEA0E0F4FEA57
:1095A000D12105FB026658BFA6EB0056B6EB00566C
:1095B0004FEA520E4EEAC37E18EB0E0E56EB530ED8
:1095C000BDD518EB02085E417F1C55F10005B6E7DA
:1095D0004FF480154FF000074FF000064FF00008E1
:1095E000ADE7F0BC4FF0000001F1C04101F00041D7
:1095F000BDE8008111EA0C1F0CEA131500D00CE045
:1096000013EA0C1F00F025804FF00000F0BC81EA47
:10961000030101F00041BDE80081F0BCBDE800415C
:1096200081EA030100F0A8B9F0BCBDE8004170B5C3
:1096300000F054F9097EFC3E00F007B881EA03010E
:109640004FF0000001F00041704781EA030100F093
:1096500093B9F0BCBDE800414FF0000021497047CC
:10966000FFFDFBF9F7F5F4F2F0EEEDEBE9E8E6E4E7
:10967000E3E1E0DEDDDBDAD8D7D5D4D3D1D0CFCD6E
:10968000CCCBCAC8C7C6C5C4C2C1C0BFBEBDBCBBA7
:10969000BAB9B8B7B6B5B4B3B2B1B0AFAEADACABA2
:1096A000AAA9A8A8A7A6A5A4A3A3A2A1A09F9F9E7C
:1096B0009D9C9C9B9A99999897979695959493932E
:1096C000929191908F8F8E8E8D8C8C8B8B8A8989C5
:1096D0008888878786858584848383828281818048
:1096E0000000FF070000F87F51EA030C17D41CF5B7
:1096F000801F58BFBCF5801F00F10680994218BF3B
:10970000704708BF9042704707D711F5801F58BFB8
:1097100013F5801F19D499427047894270471CF590
:10972000801F08D5BCF5801FF7D58B4218BF704746
:1097300008BF824270474FF4001C1CEB410F38BF3A
:109740001CEB430F01D28B42704770B500F0C6F896
:10975000922449004FF000514FF08053FFF760BE54
:10976000B0FA80F310FA03F10AD0C3F11D0303F538
:1097700080634FEA41504FEA035202EBD121704718
:109780004FF0000070470000DFF848C170B51CEAD8
:10979000111E1EBF1CEA13159EEA0C0F95EA0C0F52
:1097A00000F06F8081EA030423EA4C134EEAD47E72
:1097B00021EA4C1141F4801143F48013AE44A1FB23
:1097C000024CA0FB0365AEF17F7E361955EB0C050C
:1097D000A1FB034C4CF10003A0FB021C16EB0C0692
:1097E000654153F10003094218BF46F0010613F426
:1097F000007F0BD14FEA03314FEA0530340341EAD1
:10980000155140EA16506FF003020AE04FEAC321F7
:109810004FEAC520F40241EA555140EA56506FF034
:10982000020202EB2E4201EB025585EACE710AD00C
:109830005FEA440C18BF24F0004450F1000041F1ED
:10984000000120EAD47040F2FE7C624500D270BD77
:10985000A84214BF4FF080444FF04044002E08BF90
:109860000024BEF1806FA8BFA1F1C041BDE87040E7
:1098700080F282804FF0000001F1C04101F0004110
:1098800070479EEA0C0F0CEA131518BF95EA0C0FEF
:1098900006D04FF0000081EA030E0EF0004170BDCB
:1098A00000F01CF88900013E00F007B800F009B88C
:1098B0004FEA430C5FEA5C5C08D081EA030100F0E8
:1098C0005BB84FEA410C5FEA5C5CF6D14FF00000F8
:1098D000014970470000FF070000F87F0EF1020EFB
:1098E0002EF0030E5EF8046B364205D4012A43EBDA
:1098F000030515F5001F12D8012841EB010C1CF5DA
:10990000001F0CD80ED14FEAD17C15F5001F0CEBCF
:109910004C0C0CF1020C08BF4CEBD37C04E04FF074
:10992000080C01E04FEAD37C0CEB4C0526FA05F657
:1099300006F00706B6F1040C06D20EEB860CBDE865
:1099400070404CF0010C6047DFE80CF0090B02029C
:109950004FF000414FF00000A1F5002170BD194605
:109960001046012851EB010418BFD4F5001484BF40
:10997000002001F0004170BD0808A0F500114FEA79
:109980003101704791EA030F10B581F000413FF5B6
:10999000A7AC83F0004300F0D5B800002DE9F041FA
:1099A00001F5801CBCF5001FC0F2A9804FEA115CD4
:1099B00021EA0C510CF1FD0C41F480115FEA5C0CC2
:1099C0000CF5C07C01D34000494130A4890241EA32
:1099D000905187028E0E0A0CA45D04FB04F602FB74
:1099E00006F6C6F14046A4FB0662F60D46EA42269C
:1099F00006FB06F4A4FB01235242C3F1404338BFE7
:109A00005B1EA6FB02420024E6FB0324D20B42EAC3
:109A10004446A6FB0623A1FB02E2A3FB07E4E3FB0B
:109A200061426442C2F1404E38BFAEF1010EA6FB66
:109A300004234FF00002E6FB0E32A2FB0346340083
:109A4000E2FB6264A1FB06E6A4FB07E8E4FB6168B5
:109A50007642C8F1405838BFA8F10108A2FB06E4DD
:109A6000A3FB08E5E2FB6854A1FB05E6A7FB04E8BD
:109A7000E1FB648618F1200556F10006A809A8F15B
:109A80001B08B10908F03F08B8F10A0F40EA8660E8
:109A90001CD901EB0C51BDE8F08100BFFCF5EEE8EC
:109AA000E2DDD8D3CFCBC7C3C0BDB9B6B4B1AEAC7D
:109AB000A9A7A5A3A19F9D9B9A9896959392908FF5
:109AC0008D8C8B898887868584838281A0FB006842
:109AD00000FB01F208EB4208B8EB872807D53418E1
:109AE00058EB0104D5D5401C51F10001D1E7341ADF
:109AF00078EB0104CDD4401E71F10001C9E75FEAA3
:109B00004C0C5FEA9C5C0DD105D34FF0000001F0D6
:109B10000041BDE8F081BDE8F04170B5FFF7DEFE21
:109B20006DDBFFBEBDE8F0414FF00000004970471B
:109B30000000F87F10B591EA030F48BF83F000439F
:109B40003FF5CEAB841A71EB030C07D212198CF0DF
:109B5000004C43EB0C03001B61EB0C01DFF8A4E1AC
:109B60004FEA1154A4EB135C1EEA430F18BF9EEAA0
:109B7000445F00F0B08023EA6E03524221EA0451B0
:109B8000C3EB6E0338BF5B1EDCF1200E25D322FA37
:109B90000CFE10EB0E0043FA0CFE41EB0E01CCF173
:109BA000200E03FA0EFE10EB0E0051F10001CCF175
:109BB000200E29D412FA0EF201EB0451BDE8104038
:109BC00058BF7047401C1CBFB2F1004F70470028BF
:109BD0000CBF491C20F00100704712EB020E43EB52
:109BE000030218BF4FF0010E4EEA4202ACF1200C06
:109BF000DCF11E0E54D943FA0CFE10EB0E0051F1AD
:109C0000FF31CCF11E0ED5D50EF1010E12FA0EFE6B
:109C1000404141EB010101EB445C5FEA5C5C10D91F
:109C200010EBDE7001EB045138BFBEF1004FBDE810
:109C3000104018BF704700280CBF491C20F00100DD
:109C4000704730D24FEAD42C11F5001124F400648F
:109C50001BD0B1FA81F20B3AA41AA41ED2F1200350
:109C6000914030FA03F31943904001EBCC71002C82
:109C700001EB0451BDE81040A8BF704701F1C0419D
:109C80004FF0000001F000417047B0FA80F310FA85
:109C900003F100D110BDE41A173C4805C90AE4E7F6
:109CA00001EB045110BD491001EB0451BDE8104017
:109CB0004FEA300002E04FF0000170474A0008BF51
:109CC0000042F8D0B2F5001F28BF704701F00041F4
:109CD0004FF0000070479EEA445F07D011EA5E0F24
:109CE000BDE8104004BF002100207047BDE81040CF
:109CF00070B5FFF7F3FD00BF40DFF63E83F0004193
:109D0000104670470000E0FF43004FEAD30C4FEAD3
:109D10003C0C43401FBF40070CF1605113F0FE4F55
:109D200070471CF0006F03D100200CF00041704719
:109D30000CF0004343EA507010B540EACC0000F04C
:109D40000EF800BF000000924FEA0001FFF714BEBA
:109D50004FF000414FF00000A1F5002170470EF1D7
:109D6000020E2EF0030E5EF8044B244204D44FEA98
:109D70004102B2F17F4F11D84FEA4003B3F17F4F58
:109D80000CD80ED14FEAD07CB2F17F4F0CEB4C0CCB
:109D90000CF1020C08BF4CEBD17C04E04FF0080C36
:109DA00001E04FEAD17C0CEB4C0324FA03F404F0FD
:109DB0000704B4F1040C06D20EEB840CBDE810408D
:109DC0004CF0010C6047DFE80CF0070802024FF08E
:109DD0000040A0F5800010BD0846420018BFD2F137
:109DE000807288BF00F0004010BD4FF04070E1EE7F
:109DF000100A7047FF2141EAD050C0057047F7F7BD
:109E000096B8F7F7CBB9000610160006101600003A
:109E1000000000000000010203040607080900001A
:109E200000000102030475191A0C6A231B1C1F2071
:109E30007274433B4138393A6B6C376F06246D6E50
:109E400070006800000476005401F7FD0001000076
:109E50008300000000080000000100183200050027
:109E6000000020410000D242295C0F3E9A99993EA1
:109E70003333733F295C0F3E000070000000002464
:109E8000000000020003000000650054FFEF000026
:109E9000FA80000B12820001030C30C30E8C8CE997
:109EA00014D5400213710F8E3883F8833000F88385
:109EB000258EF8833000F883FFFFFFFF0FFEA9D641
:109EC000240004001A8279A10000003CFFFF00007A
:109ED0000010000038836FA2003E033040000000F5
:109EE00002CAE3093E8000002000000000000000DC
:109EF0004000000060000000000C0000000C186E24
:109F0000000006920A16C0DFFFFF0256FD8CD377D1
:109F1000FFE1C496E0C5BEAA00000000FFFF0B2BC6
:109F200000001657000003594000000000001DFA11
:109F300000026C1D000000003FFFDFEB003EB3B6E7
:109F4000000D227800002F3C00000000001942B5EF
:109F5000000039A20000B365D90E9FC91DCF4C3453
:109F600030000000500000003BB67AE800640000BA
:109F700000C8000000000000100000001000FA926D
:109F80001000225E000D229F000100000032000040
:109F9000FF46000063D400001000000004D600005B
:109FA00004CC000004CC000000001072000000404F
:109FB000000000000000000000060002000500078D
:109FC0000000000000640000000000000000000528
:109FD00000050064002000000000000000000000F8
:109FE000000040000000030000000032F89800006C
:109FF000FF650000830F0000FF9BFC0000000000D5
:10A000000000000000000000000000000000000050
:10A010000000000000000000000000000000000040
:10A0200000000000000010004000000000000006DA
:10A030000000B26A000200000001FB83006800001B
:10A0400000D9FC007CF1FF830000000000650000E7
:10A05000006403E800640028000000250000000000
:10A0600016A000000000100000001000002F0000EB
:10A07000000001F40000100000280000FFFF4581EF
:10A08000FFFFFA720000000000000000004400051D
:10A090000005BAC6004778A20000000100000000D9
:10A0A00000000600000000140000254D002F706D18
:10A0B000000005AE000C02D000000000000000000F
:10A0C0000000000000000000001B00000000000075
:10A0D0000000000000000000006400000008000014
:10A0E0000000000000000000000000000000000070
:10A0F0000000000000000000000000000000000060
:10A10000000000000000000000000000000000004F
:10A11000000000000000000000000000000000003F
:10A12000000000000000000000000000000000002F
:10A130000000000000000000001B00000000000004
:10A1400000000000000E000E00000AC7000400001E
:10A1500000000032FFFFFF9C00000B2B00000002FC
:10A160000000000100000064FFE5000000000000A6
:10A1700000000000000000000000000100000000DE
:10A1800000010000000000000001800000018000CC
:10A1900000018000002426D3000000000000000021
:10A1A000000600100096003C0000000000000000C7
:10A1B00000000000000000000C0A4E68CDCF7709B7
:10A1C00050166759C619CE8200000000000000003A
:10A1D000000000000000000000000000000000007F
:10A1E00017D78400030000000000000000000000FA
:10A1F000C7938F9D1E1B1C1900000000000000006B
:10A20000000000000000000000000000000000004E
:10A210000203188500004000000000030000000356
:10A2200000000000000000004000000000000000EE
:10A23000000000000000000000000000000000001E
:10A24000000000000000000000000000000000000E
:10A25000000000000000000000000000677DDF7EBD
:10A2600072902E554CF6E6880000000000000000B9
:10A270000000000000000000D8DCB4B8B0D8B9ABD2
:10A28000F3F8FAB3B7BB8E9EAEF132F51BF1B4B85A
:10A29000B08097F1A9DFDFDFAADFDFDFF2AAC5CD4B
:10A2A000C7A90CC92C97F1A989264666B28999A934
:10A2B0002D557DB0B08AA896365676F1BAA3B4B2C1
:10A2C00080C0B8A89711B28398BAA3F024084410AC
:10A2D0006418B2B9B49883F1A329557DBAB5B1A376
:10A2E0008393F0002850F5B2B6AA839328547CF1EA
:10A2F000B9A3829361BAA2DADEDFDB819AB9AEF547
:10A30000606870F1DABAA2DFD9BAA2FAB9A3829270
:10A31000DB31BAA2D9BAA2F8DF85A4D0C1BBAD8324
:10A32000C2C5C7B8A2DFDFDFBAA0DFDFDFD8D8F150
:10A33000B8AAB38DB4980D355DB2B6BAAF8C961984
:10A340008F9FA70E161EB49AB8AA872C547CBAA465
:10A35000B08AB691325676B28494A4C808CDD8B8E3
:10A36000B4B0F19982A82D557D98A80E161EA22C86
:10A37000547C92A4F02C5078F184A898C4CDFCD8D9
:10A380000DDBA8FC2DF3D9BAA6F8DABAA6DED8BA46
:10A39000B2B68696A6D0F3C841DAA6C8F8D8B0B44B
:10A3A000B882A892F52C548898F135D9F418D8F1D0
:10A3B000A2D0F8F9A884D9C7DFF8F883C5DADF6935
:10A3C000DF83C1D8F40114F1A8824EA884F311D11F
:10A3D00082F5D992289788F109F41C1CD884A8F337
:10A3E000C0F9D1D99782F129F40DD8F3F9F9D1D96F
:10A3F00082F4C203D8DEDF1AD8F1A2FAF9A8849851
:10A40000D9C7DFF8F8F883C7DADF69DFF883C3D884
:10A41000F40114F198A8822EA884F311D182F5D901
:10A4200092509788F109F41CD884A8F3C0F8F9D1A8
:10A43000D99782F149F40DD8F3F9F9D1D982F4C44E
:10A4400003D8DEDFD8F1AD8898CCA809F9D982927B
:10A45000A8F57CF1883ACF944A6E98DB6931DAAD81
:10A46000F2DEF9D88795A8F221D1DAA5F9F417D947
:10A47000F1AE8ED0C0C3AE82C684C3A88595C8A5F0
:10A4800088F2C0F1F4010EF18E9EA8C63E56F55436
:10A49000F18872F40115F19845856EF58E9E048859
:10A4A000F142985A8E9E068869F4011CF1981E119B
:10A4B00008D0F504F11E970202983625DBF9D985FC
:10A4C000A5F3C1DA85A5F3DFD88595A8F309DAA548
:10A4D000FAD88292A8F578F1881A849F2688982164
:10A4E000DAF41DF3D8879F39D1AFD9DFDFFBF9F458
:10A4F0000CF3D8FAD0F8DAF9F9D0DFD9F9D8F40B9F
:10A50000D8F3879F39D1AFD9DFDFF41DF3D8FAFC38
:10A51000A869F9F9AFD0DADEFAD9F88F9FA8F1CCA3
:10A52000F398DB45D9AFDFD0F8D8F18F9FA8CAF3F5
:10A530008809DAAF8FCBF8D8F2AD978D0CD9A5DFAB
:10A54000F9BAA6F3FAF412F2D8950DD1D9BAA6F356
:10A55000FADAA5F2C1BAA6F3DFD8F1BAB2B6869696
:10A56000A6D0CAF349DAA6CBF8D8B0B4B8D8AD842F
:10A57000F2C0DFF18FCBC3A8B2B68696C8C1CBC3F9
:10A58000F3B0B48898A821DB718D9D71859521D990
:10A59000ADF2FAD88597A828D9F408D8F28D29DA2F
:10A5A000F405D9F285A4C2F2D8A88D9401D1D9F4CA
:10A5B00011F2D88721D8F40AD8F28498A8C801D11A
:10A5C000D9F411D8F3A4C8BBAFD0F2DEF8F8F8F88C
:10A5D000F8F8F8F8D8F1B8F6B5B9B08A95A3DE3C2A
:10A5E000A3D9F8D85CA3D9F8D87CA3D9F8D8F8F9BE
:10A5F000D1A5D9DFDAFAD8B18530F7D9DED8F8306D
:10A60000ADDADED8F2B48C99A32D557DA083DFDFBF
:10A61000DFB591A0F629D9FBD8A0FC29D9FAD8A09A
:10A62000D051D9F8D8FC51D9F9D879D9FBD8A0D0D4
:10A63000FC79D9FAD8A1F9F9F9F9F9A0DADFDFDF65
:10A64000D8A1F8F8F8F8F8ACDEF8ADDE8393AC2CBE
:10A65000547CF1A8DFDFDFF69D2CDAA0DFD9FADB2E
:10A660002DF8D8A850DAA0D0DED9D0F8F8F8DB550C
:10A67000F8D8A878DAA0D0DFD9D0FAF8F8F8F8DB63
:10A680007DF8D89CA88CF530DB38D9D0DEDFA0D09F
:10A69000DEDFD8A848DB58D9DFD0DEA0DFD0DED897
:10A6A000A868DB70D9DFDFA0DFDFD8F1A888902CA5
:10A6B000547C98A8D05C38D1DAF2AE8CDFF9D8B0EF
:10A6C00087A8C1C1B188A8C6F9F9DA36D8A8F9DADD
:10A6D00036D8A8F9DA36D8A8F9DA36D8A8F9DA36A9
:10A6E000D8F78D9DADF818DAF2AEDFD8F7ADFA30B5
:10A6F000D9A4DEF9D8F2AEDEFAF983A7D9C3C5C76B
:10A70000F1889BA77AADF7DEDFA4F8849408A797B9
:10A71000F300AEF29819A488C6A39488F632DFF24B
:10A720008393DB09D9F2AADFD8D8AEF8F9D1DAF3EE
:10A73000A4DEA7F1889B7AD8F38494AE19F9DAAA3B
:10A74000F1DFD8A881C0C3C5C7A39283F628ADDEC8
:10A75000D9F8D8A350ADD9F8D8A378ADD9F8D8F89E
:10A76000F9D1A1DADEC3C5C7D8A18194F818F2B037
:10A7700089ACC3C5C7F1D8B8B4B09786A8319B06D9
:10A780009907AB9728889BF00C201440B0B4B8F020
:10A79000A88A9A285078B79BA829517924705944DF
:10A7A0006938644831F1BBAB88002C547CF0B38B22
:10A7B000B8A804285078F1B088B49726A85998BB57
:10A7C000ABB38B02264666B0B8F08A9CA8295179B3
:10A7D0008B2951798A2470598B2058718A446938A1
:10A7E0008B3940688A6448318B30496088F1AC000D
:10A7F0002C547CF08CA804285078F1889726A8590E
:10A8000098AC8C02264666F0899CA8295179247060
:10A8100059446938644831A98809205970AB113806
:10A820004069A8193148608CA83C415C207C00F14B
:10A8300087981986A86E767EA999882D557DD8B1FE
:10A84000B5B9A3DFDFDFAED0DFAAD0DEF2ABF8F917
:10A85000D9B087C4AAF1DFDFBBAFDFDFB9D8B1F170
:10A86000A3978E60DFB084F2C8F8F9D9DED893855B
:10A87000F14AB183A308B5839A0810B79F10D8F1A5
:10A88000B0BAAEB08AC2B2B68E9EF1FBD9F41DD872
:10A89000F9D90CF1D8F8F8AD61D9AEFBD8F40CF1C8
:10A8A000D8F8F8AD19D9AEFBDFD8F416F1D8F8AD69
:10A8B0008D61D9F4F4ACF59C9C8DDF2BBAB6AEFA61
:10A8C000F8F40BD8F1AED0F8AD51DAAEFAF8F1D811
:10A8D000B9B1B6A3839C08B9B1839AB5AAC0FD30BB
:10A8E00083B79F10B58B93F20202D1ABDADED8F1B9
:10A8F000B080BAABC0C3B284C1C3D8B1B9F38BA323
:10A9000091B609B4D9ABDEB0879CB9A3DDF1B38BA6
:10A910008B8B8B8BB087A3A3A3A3B28BB69BF2A325
:10A92000A3A3A3A3A3A3A3A3A3F1B087B59AA3F35F
:10A930009BA3A3DCBAACDFB9A3A3A3A3A3A3A3A344
:10A94000A3A3A3A3A3A3A3A3D8D8D8BBB3B7F1AAA7
:10A95000F9DAFFD9809AAA28B48098A720B79787F8
:10A96000A86688F07951F1902C870CA781976293A3
:10A97000F071716085940129517990A5F1284C6C92
:10A98000870C95188578A38390284C6C886CD8F335
:10A99000A28200F210A8921980A2F2D926D8F188DA
:10A9A000A84DD948D896A83980D93CD89580A839DF
:10A9B000A68698D92CDA87A72CD8A8899519A980BA
:10A9C000D938D8A88939A980DA3CD8A82EA83990D6
:10A9D000D90CD8A8953198D90CD8A809D9FFD80195
:10A9E000DAFFD89539A9DA26FFD890A80D8999A859
:10A9F00010809821DA2ED88999A83180DA2ED8A82B
:10AA000086963180DA2ED8A8873180DA2ED8A882AF
:10AA100092F34180F1D92ED8A882F31980F1D92E72
:10AA2000D882ACF3C0A28022F1A62EA72EA922982C
:10AA3000A829DAACDEFFD8A2F22AF1A92E8292A8C8
:10AA4000F23180A696F1D900AC8C9C0C30ACDED0F3
:10AA5000DEFFD88C9CACD010ACDE8092A2F24C828F
:10AA6000A8F1CAF235F19688A6D900D8F1FF1400F2
:10AA700014003200F401C800E803050000000000E3
:10AA8000555555555555C53F7D6FEB0312D6D4BF6F
:10AA90005544880E55C1C93F3B8F68B52882A4BF75
:10AAA00088B20175E0EF493F09F7FD0DE13D023F36
:10AAB0004B2D8A1C273A03C0C88A599CE52A0040BE
:10AAC00059018D1B6C06E6BF82922EB1C5B8B33F0B
:10AAD00000000000000000003031323334353637DA
:10AAE00038394142434445464030580030313233D2
:10AAF00034353637383961626364656640307800D2
:10AB00000400000800000000000000020001000036
:10AB100010000000000000004FBB610567ACDD3F86
:10AB2000182D4454FB21E93F9BF681D20B73EF3F74
:10AB3000182D4454FB21F93FE2652F227F2B7A3CEC
:10AB4000075C143326A6813CBDCBF07A8807703CA5
:10AB5000075C143326A6913CC4EB98999999C9BF18
:10AB6000711623FEC671BCBF6D9A74AFF2B0B3BF4D
:10AB70009AFDDE522DDEADBF2F6C6A2C44B4A2BF0D
:10AB80000D5555555555D53FFF8300922449C23F79
:10AB90006E204CC5CD45B73F513DD0A0660DB13FAD
:10ABA000EB0D76244B7BA93F11DA22E33AAD903FBF
:10ABB00000000000000000003031323334353637F9
:10ABC00038396162636465667870003031323334DD
:10ABD0003536373839414243444546585000000025
:10ABE00002400000000000A000000000054000003E
:10ABF000000000C8000000000C4000000000409C65
:10AC000000000000194000000020BCBE0000000051
:10AC100034400000BFC91B8E00000004B540000096
:10AC2000504BCFD06607E2CF010000006C4100001E
:10AC30003E8251AADFEEA73401000000D942000095
:10AC4000DCB5A0E23A301F97FFFFFFFFB4450000DC
:10AC5000FD25A0C8E9A3C14FFFFFFFFFFF3F000094
:10AC60000000008000000000FF3F000000000080A6
:10AC700000000000C0AD00080000002058090000DE
:10AC8000C401000868B3000858090020C00B000088
:10AC9000200200081C00000043000000F8FFFFFF36
:10ACA0000C0000000E0000000F0000002E0000004D
:10ACB0001001000043000000F8FFFFFF004040408B
:10ACC000404040404040414141414140404040407F
:10ACD000404040404040404040404040400502022B
:10ACE00002020202020202020202020202202020EA
:10ACF0002020202020202002020202020202909046
:10AD00009090909010101010101010101010101043
:10AD10001010101010101010020202020202888897
:10AD200088888888080808080808080808080808A3
:10AD3000080808080808080802020202400000008B
:10AD40000000000000000000000000000000000003
:10AD500000000000000000000000000000000000F3
:10AD600000000000000000000000000000000000E3
:10AD700000000000000000000000000000000000D3
:10AD800000000000000000000000000000000000C3
:10AD900000000000000000000000000000000000B3
:10ADA00000000000000000000000000000000000A3
:10ADB0000000000000000000000000000000000093
:10ADC00032018210A324F4422F1A0702111B147FB0
:10ADD000021116242A7F2A121662640813232636CB
:10ADE00049552250430503341C22411C41221C2A90
:10ADF00015083E08141A0806320823A0602A080124
:10AE0000211A600B11162010080402263E514945F4
:10AE10003E1C427F40051561514946162141454B74
:10AE200031161814127F10162745454539163C4A2D
:10AE30004949301C017109621636494949362606CE
:10AE40004949291E4336362A56062B0814782A14F7
:10AE500001297E13140816020151090616324959B8
:10AE6000513E167C1211127C3A7F3C163E41414104
:10AE7000221A7F053A1C1212411E7F090909011886
:10AE80001449497A1A7FA11A7F421A7F4E1E204028
:10AE9000413F0112295B1B7F400111167F020C020A
:10AEA0007F3E7F0408107F483A3E3C1A060C1C5136
:10AEB000215E0C141929461A465412311601017FDD
:10AEC00001011A3F35123F1E1F2040201F0C1A3867
:10AED0000C16631408146316070870080719EF238B
:10AEE0004543198B211B552A0219781A417D1604F6
:10AEF0000201020429712240290B111620545454D6
:10AF000078167F484444382E384444442006134879
:10AF10007F1A3818121816087E0901021D18A4A4F9
:10AF2000A4E425080404781B447D3B1D4080847DF7
:10AF30005F341028441B417F121C7C04181E3A7C8D
:10AF4000242948123816FC242424181A18053AFC1F
:10AF50001812081A4854122016043F444020163C88
:10AF60004040207C1A1CC01A1C0C1430403C2B445E
:10AF7000284F161CA0A0A07C3F4464544C441401EC
:10AF8000011372F84333301C100C0603912C40C09F
:10AF9000780319672A0403212D7088FC08292618D4
:10AFA00020FF211E14F008F033E0184D211C031E71
:10AFB00011338870000C101E212324192721101032
:10AFC000160E45E01804021C071820EA3D0204187A
:10AFD000E0692C20180707174080F08040403F02AE
:10AFE00002010F01022842F01D0101011F04912BF3
:10AFF00080B066B1191D2901913A30CE492C1460F8
:10B0000018043C6018061D1EE010080810721F0F7F
:10B01000102020100FF05310F83620203F20203C45
:10B02000700808C21E3028242221441E3008888857
:10B0300048082E1820202011CC3BC02032270704BE
:10B0400024243F241AF8202308084B19212036E035
:10B05000108888184B0F11101E380808C838202196
:10B06000523F1A702E29608F1C222121221C901120
:10B070001D31222211901961CAC0C26A80C65908C6
:10B080001C40201050170102040810204A400111F2
:10B090004A04012119152A403219251B0402F21B0A
:10B0A0007048D13AF0501A360F1EC030C828E870E8
:10B0B00028080718272423140B6F2A387E280D2010
:10B0C0003C23020227382008F888889F4B203FF055
:10B0D0001BC0303F1B083830191019781B08F80FB7
:10B0E000194039201B100F103E8888E8081010AC5A
:10B0F00023201810112A035E2940223829402C22CF
:10B100001E024019A41809F808203F210101212539
:10B110002A0852298129424149112EC08080807F0E
:10B120000E2FF888C0281808501C0126382F2940F7
:10B13000292F29801B20301012F81AF81413203FF1
:10B14000190229204B30C0601A2074123F4BE010C6
:10B15000B06B0F10B029D01AF0301980220179207D
:10B160003F18242438504FC04C888870C0140C30CD
:10B17000204B7088C11738202121221C3A189F4A81
:10B18000188239A049D0112A1F90121F24087888EC
:10B190001BC838151C07380E60191A1AF82011142C
:10B1A000033C0714073C034814081868808068189B
:10B1B0000820302C03032C30200838C82F59502980
:10B1C0008F29102F203826212020681145FE0202E9
:10B1D00002257F4040401A0CE0611C0106380B1923
:10B1E0001D42FE191D527F1A04120211045A8001D9
:10B1F0001930D91D391621180819242222223F207E
:10B20000AB390F115F3F112020110E21311A0E10A2
:10B210004B2011104B88F8102A10B359401A1F3FC9
:10B220002B22130F16F0888888181A20D029D149AC
:10B230007A21176B94949493603960190F4C203FD6
:10B2400021F354809898793059121AC02719D119CE
:10B250003039311F203F24022D30212A0812893035
:10B2600069D7294B2903190BC96079A019BF2B2075
:10B270001FDD390F9C80FFA1E0191229D03BA0FFF0
:10B280000C3950194112208A01C01B3324012A199C
:10B290000F3AE0413952290F392349603C103F20D1
:10B2A0002C29053F010E3008060170291038080FBF
:10B2B000300C030C300F2C49A14E312E0E31200CD6
:10B2C00029621D818E70183059D1215721302C22CE
:10B2D000213055807C0202143F40403C02027C7FBA
:10B2E0008440403F9AFF0817AED580A83FD3101185
:10B2F00040A1C8DA1281CFD9F1DB40A4A68D14AFEA
:10B3000013269E1B08420401201A502429F6990492
:10B3100019B501120B1A6EAA4C1B80C0A119041199
:10B3200019041B80BF0429AC2A40B5190C1904610B
:10B330005282577041CDCCCC3D1CC079C4040A1454
:10B3400044146320416B20431438099A99993F179C
:10B35000B7D1381C7928E14BA94AD04113FD558358
:08B36000080A021604000000B7
:040000050800018965
:00000001FF
